CREATE DATABASE  IF NOT EXISTS `ucl` /*!40100 DEFAULT CHARACTER SET utf8mb4 COLLATE utf8mb4_0900_ai_ci */ /*!80016 DEFAULT ENCRYPTION='N' */;
USE `ucl`;
-- MySQL dump 10.13  Distrib 8.0.38, for Win64 (x86_64)
--
-- Host: 127.0.0.1    Database: ucl
-- ------------------------------------------------------
-- Server version	8.0.39

/*!40101 SET @OLD_CHARACTER_SET_CLIENT=@@CHARACTER_SET_CLIENT */;
/*!40101 SET @OLD_CHARACTER_SET_RESULTS=@@CHARACTER_SET_RESULTS */;
/*!40101 SET @OLD_COLLATION_CONNECTION=@@COLLATION_CONNECTION */;
/*!50503 SET NAMES utf8 */;
/*!40103 SET @OLD_TIME_ZONE=@@TIME_ZONE */;
/*!40103 SET TIME_ZONE='+00:00' */;
/*!40014 SET @OLD_UNIQUE_CHECKS=@@UNIQUE_CHECKS, UNIQUE_CHECKS=0 */;
/*!40014 SET @OLD_FOREIGN_KEY_CHECKS=@@FOREIGN_KEY_CHECKS, FOREIGN_KEY_CHECKS=0 */;
/*!40101 SET @OLD_SQL_MODE=@@SQL_MODE, SQL_MODE='NO_AUTO_VALUE_ON_ZERO' */;
/*!40111 SET @OLD_SQL_NOTES=@@SQL_NOTES, SQL_NOTES=0 */;

--
-- Table structure for table `attacking`
--

DROP TABLE IF EXISTS `attacking`;
/*!40101 SET @saved_cs_client     = @@character_set_client */;
/*!50503 SET character_set_client = utf8mb4 */;
CREATE TABLE `attacking` (
  `ID` int NOT NULL AUTO_INCREMENT,
  `ranking` int DEFAULT NULL,
  `player_ID` int DEFAULT NULL,
  `club` varchar(255) DEFAULT NULL,
  `position` varchar(50) DEFAULT NULL,
  `assists` int DEFAULT NULL,
  `corner_taken` int DEFAULT NULL,
  `offsides` int DEFAULT NULL,
  `dribbles` int DEFAULT NULL,
  `match_played` int DEFAULT NULL,
  PRIMARY KEY (`ID`),
  KEY `fk_attaking` (`player_ID`),
  CONSTRAINT `fk_attaking` FOREIGN KEY (`player_ID`) REFERENCES `players` (`ID`)
) ENGINE=InnoDB AUTO_INCREMENT=256 DEFAULT CHARSET=utf8mb4 COLLATE=utf8mb4_0900_ai_ci;
/*!40101 SET character_set_client = @saved_cs_client */;

--
-- Dumping data for table `attacking`
--

LOCK TABLES `attacking` WRITE;
/*!40000 ALTER TABLE `attacking` DISABLE KEYS */;
INSERT INTO `attacking` VALUES (1,1,1,'Man. United','Midfielder',7,10,2,7,7),(2,2,2,'Real Madrid','Forward',6,3,4,83,13),(3,2,3,'Bayern','Midfielder',6,3,3,32,10),(4,4,4,'Ajax','Forward',5,3,4,28,7),(5,5,5,'Liverpool','Defender',4,36,0,9,9),(6,5,6,'Man. City','Midfielder',4,18,0,14,10),(7,5,7,'Real Madrid','Midfielder',4,10,0,8,13),(8,5,8,'Benfica','Midfielder',4,8,0,7,8),(9,5,9,'Paris','Forward',4,4,8,43,8),(10,5,10,'Villarreal','Forward',4,0,3,9,7),(11,5,11,'Villarreal','Midfielder',4,0,0,17,12),(12,12,12,'Villarreal','Midfielder',3,36,0,4,12),(13,12,13,'Benfica','Defender',3,11,1,10,10),(14,12,14,'Bayern','Forward',3,10,8,2,10),(15,12,15,'Wolfsburg','Midfielder',3,10,0,1,6),(16,12,16,'Leipzig','Defender',3,8,0,4,5),(17,12,17,'Bayern','Forward',3,4,4,59,9),(18,12,18,'Man. City','Midfielder',3,2,3,18,11),(19,12,19,'Dortmund','Midfielder',3,1,1,24,6),(20,12,20,'Atalanta','Forward',3,0,7,10,6),(21,12,21,'Bayern','Forward',3,0,7,1,10),(22,12,22,'Man. City','Defender',3,0,2,26,9),(23,12,23,'Sheriff','Defender',3,0,1,7,6),(24,24,24,'Man. City','Midfielder',2,30,5,28,12),(25,24,25,'Liverpool','Defender',2,27,1,9,10),(26,24,26,'Chelsea','Midfielder',2,23,0,12,9),(27,24,27,'Man. City','Midfielder',2,16,1,3,10),(28,24,28,'Liverpool','Defender',2,16,0,4,5),(29,24,29,'Man. City','Midfielder',2,13,6,12,11),(30,24,30,'Beşiktaş','Midfielder',2,9,0,4,3),(31,24,31,'Leipzig','Forward',2,9,0,3,6),(32,24,32,'Juventus','Midfielder',2,7,1,7,5),(33,24,33,'Dortmund','Midfielder',2,7,1,3,4),(34,24,34,'Sporting CP','Midfielder',2,7,0,10,5),(35,24,35,'Chelsea','Midfielder',2,7,0,6,7),(36,24,36,'Zenit','Defender',2,6,1,3,5),(37,24,37,'Zenit','Defender',2,6,0,4,6),(38,24,38,'Ajax','Forward',2,5,5,13,7),(39,24,39,'Real Madrid','Forward',2,5,0,1,8),(40,24,40,'Salzburg','Midfielder',2,4,5,9,8),(41,24,41,'Villarreal','Midfielder',2,3,8,31,11),(42,24,42,'Man. United','Defender',2,3,1,1,5),(43,24,43,'Bayern','Forward',2,3,0,12,8),(44,24,44,'Atlético','Forward',2,2,1,8,9),(45,24,45,'Atlético','Defender',2,1,5,9,10),(46,24,46,'Real Madrid','Forward',2,1,1,20,11),(47,24,47,'Chelsea','Midfielder',2,1,1,15,5),(48,24,48,'Chelsea','Midfielder',2,1,0,1,8),(49,24,49,'Leipzig','Forward',2,0,9,5,6),(50,24,50,'Man. City','Forward',2,0,6,14,12),(51,24,51,'Liverpool','Forward',2,0,5,49,13),(52,24,52,'LOSC','Midfielder',2,0,1,15,5),(53,24,53,'Chelsea','Forward',2,0,1,10,5),(54,24,54,'Liverpool','Midfielder',2,0,1,0,4),(55,24,55,'Sporting CP','Midfielder',2,0,0,21,6),(56,24,56,'Bayern','Midfielder',2,0,0,18,7),(57,24,57,'Ajax','Defender',2,0,0,13,8),(58,24,58,'Real Madrid','Defender',2,0,0,8,10),(59,24,59,'Liverpool','Midfielder',2,0,0,6,10),(60,24,60,'Liverpool','Midfielder',2,0,0,2,12),(61,24,61,'Inter','Midfielder',2,0,0,2,7),(62,24,62,'Sporting CP','Defender',2,0,0,1,8),(63,24,63,'Man. City','Midfielder',2,0,0,1,8),(64,64,64,'Salzburg','Midfielder',1,18,1,5,8),(65,64,65,'Ajax','Forward',1,15,2,3,8),(66,64,66,'Ajax','Midfielder',1,15,1,18,8),(67,64,67,'Club Brugge','Forward',1,12,5,17,6),(68,64,68,'Young Boys','Midfielder',1,11,0,6,6),(69,64,69,'Dynamo Kyiv','Midfielder',1,10,0,8,6),(70,64,70,'Liverpool','Midfielder',1,9,0,6,6),(71,64,71,'Sheriff','Midfielder',1,9,0,1,6),(72,64,72,'Paris','Forward',1,8,1,3,5),(73,64,73,'Atalanta','Midfielder',1,8,0,1,5),(74,64,74,'Paris','Forward',1,7,1,27,6),(75,64,75,'Atlético','Midfielder',1,7,0,7,8),(76,64,76,'Sevilla','Midfielder',1,7,0,0,5),(77,64,77,'Club Brugge','Forward',1,6,10,6,6),(78,64,78,'Zenit','Forward',1,6,2,12,6),(79,64,79,'Club Brugge','Midfielder',1,6,1,0,4),(80,64,80,'Young Boys','Midfielder',1,6,0,2,6),(81,64,81,'Dortmund','Midfielder',1,5,7,5,6),(82,64,82,'Shakhtar Donetsk','Midfielder',1,4,0,5,4),(83,64,83,'Atlético','Midfielder',1,4,0,2,9),(84,64,84,'Liverpool','Midfielder',1,4,0,1,8),(85,64,85,'Man. City','Midfielder',1,3,6,18,7),(86,64,86,'Milan','Defender',1,3,4,10,5),(87,64,87,'Real Madrid','Forward',1,2,9,18,12),(88,64,88,'Atalanta','Midfielder',1,2,2,13,4),(89,64,89,'Juventus','Forward',1,2,0,8,5),(90,64,90,'Club Brugge','Midfielder',1,2,0,7,6),(91,64,91,'Sporting CP','Midfielder',1,2,0,2,4),(92,64,92,'Atlético','Forward',1,1,3,21,8),(93,64,93,'Porto','Forward',1,1,2,4,6),(94,64,94,'Sevilla','Midfielder',1,1,1,16,6),(95,64,95,'Young Boys','Midfielder',1,1,0,34,6),(96,64,96,'Man. City','Defender',1,1,0,3,8),(97,64,97,'Villarreal','Defender',1,1,0,0,5),(98,64,98,'Liverpool','Midfielder',1,0,9,17,13),(99,64,99,'Sporting CP','Forward',1,0,5,8,8),(100,64,100,'Liverpool','Forward',1,0,4,19,11),(101,64,101,'Man. City','Forward',1,0,4,7,8),(102,64,102,'Benfica','Forward',1,0,3,27,9),(103,64,103,'Milan','Forward',1,0,3,16,4),(104,64,104,'Real Madrid','Midfielder',1,0,3,10,11),(105,64,105,'Ajax','Forward',1,0,3,9,8),(106,64,106,'Man. United','Forward',1,0,3,6,4),(107,64,107,'Inter','Forward',1,0,3,2,6),(108,64,108,'Liverpool','Forward',1,0,2,42,13),(109,64,109,'Inter','Midfielder',1,0,2,13,8),(110,64,110,'Salzburg','Defender',1,0,2,12,8),(111,64,111,'Inter','Forward',1,0,2,4,7),(112,64,112,'Zenit','Forward',1,0,2,1,6),(113,64,113,'Bayern','Defender',1,0,2,0,10),(114,64,114,'Liverpool','Defender',1,0,2,0,9),(115,64,115,'Bayern','Midfielder',1,0,1,20,8),(116,64,116,'Sheriff','Midfielder',1,0,1,13,6),(117,64,117,'Chelsea','Midfielder',1,0,1,11,7),(118,64,118,'Atalanta','Defender',1,0,1,11,5),(119,64,119,'Real Madrid','Defender',1,0,1,9,11),(120,64,120,'Ajax','Defender',1,0,1,8,8),(121,64,121,'Dortmund','Defender',1,0,1,7,6),(122,64,122,'LOSC','Defender',1,0,1,5,7),(123,64,123,'LOSC','Midfielder',1,0,1,3,4),(124,64,124,'Real Madrid','Midfielder',1,0,1,2,10),(125,64,125,'Juventus','Midfielder',1,0,1,2,5),(126,64,126,'Zenit','Forward',1,0,1,2,5),(127,64,127,'Atalanta','Defender',1,0,1,0,5),(128,64,128,'Barcelona','Defender',1,0,1,0,5),(129,64,129,'Salzburg','Forward',1,0,0,23,8),(130,64,130,'Malmö','Midfielder',1,0,0,19,6),(131,64,131,'Milan','Midfielder',1,0,0,19,5),(132,64,132,'Chelsea','Forward',1,0,0,15,8),(133,64,133,'Atalanta','Defender',1,0,0,12,6),(134,64,134,'Villarreal','Midfielder',1,0,0,9,10),(135,64,135,'Real Madrid','Midfielder',1,0,0,6,8),(136,64,136,'Atalanta','Midfielder',1,0,0,6,6),(137,64,137,'Inter','Defender',1,0,0,5,7),(138,64,138,'Leipzig','Forward',1,0,0,5,2),(139,64,139,'Benfica','Forward',1,0,0,4,7),(140,64,140,'Chelsea','Midfielder',1,0,0,4,6),(141,64,141,'Leipzig','Midfielder',1,0,0,4,6),(142,64,142,'Villarreal','Midfielder',1,0,0,4,6),(143,64,143,'Club Brugge','Defender',1,0,0,4,4),(144,64,144,'Zenit','Defender',1,0,0,4,4),(145,64,145,'Juventus','Defender',1,0,0,4,4),(146,64,146,'Benfica','Defender',1,0,0,3,10),(147,64,147,'Chelsea','Defender',1,0,0,3,9),(148,64,148,'Ajax','Defender',1,0,0,3,8),(149,64,149,'Liverpool','Forward',1,0,0,3,7),(150,64,150,'Leipzig','Defender',1,0,0,3,6),(151,64,151,'Young Boys','Defender',1,0,0,3,6),(152,64,152,'Porto','Midfielder',1,0,0,3,6),(153,64,153,'Porto','Midfielder',1,0,0,3,2),(154,64,154,'Sporting CP','Defender',1,0,0,2,7),(155,64,155,'Atalanta','Midfielder',1,0,0,2,5),(156,64,156,'Man. United','Midfielder',1,0,0,2,4),(157,64,157,'Leipzig','Forward',1,0,0,2,4),(158,64,158,'Dortmund','Defender',1,0,0,2,4),(159,64,159,'Atalanta','Forward',1,0,0,2,2),(160,64,160,'Bayern','Goalkeeper',1,0,0,1,9),(161,64,161,'Chelsea','Defender',1,0,0,1,8),(162,64,162,'Sevilla','Forward',1,0,0,1,6),(163,64,163,'Milan','Defender',1,0,0,1,5),(164,64,164,'Juventus','Defender',1,0,0,1,5),(165,64,165,'Ajax','Defender',1,0,0,1,3),(166,64,166,'Leipzig','Midfielder',1,0,0,1,1),(167,64,167,'Chelsea','Defender',1,0,0,0,9),(168,64,168,'Paris','Defender',1,0,0,0,8),(169,64,169,'Ajax','Midfielder',1,0,0,0,7),(170,64,170,'Milan','Midfielder',1,0,0,0,5),(171,64,171,'Wolfsburg','Midfielder',1,0,0,0,5),(172,64,172,'Bayern','Midfielder',1,0,0,0,4),(173,64,173,'Ajax','Defender',1,0,0,0,3),(174,64,174,'Shakhtar Donetsk','Defender',1,0,0,0,3),(175,64,175,'Bayern','Defender',1,0,0,0,2),(176,64,176,'Salzburg','Defender',1,0,0,0,2);
/*!40000 ALTER TABLE `attacking` ENABLE KEYS */;
UNLOCK TABLES;

--
-- Table structure for table `attempts`
--

DROP TABLE IF EXISTS `attempts`;
/*!40101 SET @saved_cs_client     = @@character_set_client */;
/*!50503 SET character_set_client = utf8mb4 */;
CREATE TABLE `attempts` (
  `ID` int NOT NULL AUTO_INCREMENT,
  `ranking` int DEFAULT NULL,
  `player_ID` int DEFAULT NULL,
  `club` varchar(255) DEFAULT NULL,
  `position` varchar(50) DEFAULT NULL,
  `total_attempts` int DEFAULT NULL,
  `on_target` int DEFAULT NULL,
  `off_target` int DEFAULT NULL,
  `blocked` int DEFAULT NULL,
  `match_played` int DEFAULT NULL,
  PRIMARY KEY (`ID`),
  KEY `fk_attempts` (`player_ID`),
  CONSTRAINT `fk_attempts` FOREIGN KEY (`player_ID`) REFERENCES `players` (`ID`)
) ENGINE=InnoDB AUTO_INCREMENT=1024 DEFAULT CHARSET=utf8mb4 COLLATE=utf8mb4_0900_ai_ci;
/*!40101 SET character_set_client = @saved_cs_client */;

--
-- Dumping data for table `attempts`
--

LOCK TABLES `attempts` WRITE;
/*!40000 ALTER TABLE `attempts` DISABLE KEYS */;
INSERT INTO `attempts` VALUES (1,1,87,'Real Madrid','Forward',45,23,13,9,12),(2,2,51,'Liverpool','Forward',42,22,11,9,13),(3,3,24,'Man. City','Midfielder',37,18,8,11,12),(4,4,3,'Bayern','Midfielder',33,13,12,8,10),(5,5,21,'Bayern','Forward',31,19,8,4,10),(6,6,177,'Porto','Forward',29,11,7,11,13),(7,7,178,'Inter','Forward',28,7,10,11,8),(8,8,9,'Paris','Forward',27,16,6,5,8),(9,8,2,'Real Madrid','Forward',27,8,10,9,13),(10,10,179,'Chelsea','Midfielder',26,11,9,6,9),(11,10,4,'Ajax','Forward',26,10,9,7,7),(12,10,180,'Paris','Forward',26,10,8,8,7),(13,13,41,'Villarreal','Midfielder',25,14,5,6,11),(14,13,111,'Inter','Forward',25,12,6,7,7),(15,13,181,'LOSC','Forward',25,8,9,8,7),(16,16,105,'Ajax','Forward',24,15,8,1,8),(17,16,6,'Man. City','Midfielder',24,7,9,8,10),(18,18,46,'Real Madrid','Forward',23,10,7,6,11),(19,19,182,'Man. United','Forward',22,12,8,2,7),(20,19,29,'Man. City','Midfielder',22,9,7,6,11),(21,19,20,'Atalanta','Forward',22,8,7,7,6),(22,22,49,'Leipzig','Forward',21,10,6,5,6),(23,22,98,'Liverpool','Midfielder',21,8,6,7,13),(24,22,10,'Villarreal','Forward',21,6,9,6,7),(25,25,17,'Bayern','Forward',20,6,10,4,9),(26,26,43,'Bayern','Forward',18,8,6,4,8),(27,26,183,'Juventus','Forward',18,7,8,3,7),(28,28,184,'Leipzig','Midfielder',17,11,4,2,6),(29,28,50,'Man. City','Forward',17,6,9,2,12),(30,28,93,'Porto','Forward',17,3,10,4,6),(31,31,129,'Salzburg','Forward',16,10,3,3,8),(32,31,99,'Sporting CP','Forward',16,8,7,1,8),(33,31,100,'Liverpool','Forward',16,7,4,5,11),(34,31,65,'Ajax','Forward',16,5,6,5,8),(35,31,185,'Bayern','Midfielder',16,3,7,6,6),(36,36,186,'Benfica','Forward',15,9,5,1,10),(37,36,81,'Dortmund','Midfielder',15,9,3,3,6),(38,36,187,'Benfica','Forward',15,8,7,0,10),(39,36,109,'Inter','Midfielder',15,4,7,4,8),(40,40,14,'Bayern','Forward',14,8,3,3,10),(41,40,7,'Real Madrid','Midfielder',14,5,3,6,13),(42,40,59,'Liverpool','Midfielder',14,2,8,4,10),(43,40,27,'Man. City','Midfielder',14,2,4,8,10),(44,44,34,'Sporting CP','Midfielder',13,7,3,3,5),(45,44,71,'Sheriff','Midfielder',13,6,5,2,6),(46,44,26,'Chelsea','Midfielder',13,6,2,5,9),(47,44,188,'Liverpool','Midfielder',13,5,2,6,7),(48,44,189,'Juventus','Forward',13,4,8,1,4),(49,44,190,'Atlético','Midfielder',13,4,6,3,9),(50,44,191,'Zenit','Midfielder',13,4,6,3,6),(51,44,19,'Dortmund','Midfielder',13,4,6,3,6),(52,52,192,'Dortmund','Forward',12,7,5,0,3),(53,52,193,'Real Madrid','Midfielder',12,7,1,4,12),(54,52,90,'Club Brugge','Midfielder',12,6,1,5,6),(55,52,89,'Juventus','Forward',12,5,7,0,5),(56,52,44,'Atlético','Forward',12,5,5,2,9),(57,52,194,'LOSC','Forward',12,5,5,2,8),(58,52,195,'Shakhtar Donetsk','Midfielder',12,5,4,3,5),(59,52,196,'Chelsea','Defender',12,5,3,4,6),(60,52,60,'Liverpool','Midfielder',12,4,4,4,12),(61,52,197,'Chelsea','Defender',12,4,4,4,8),(62,52,92,'Atlético','Forward',12,3,7,2,8),(63,52,94,'Sevilla','Midfielder',12,3,7,2,6),(64,52,38,'Ajax','Forward',12,3,4,5,7),(65,52,1,'Man. United','Midfielder',12,3,3,6,7),(66,52,149,'Liverpool','Forward',12,2,8,2,7),(67,52,198,'Salzburg','Midfielder',12,2,5,5,8),(68,52,5,'Liverpool','Defender',12,1,6,5,9),(69,69,199,'Dortmund','Forward',11,5,3,3,6),(70,69,116,'Sheriff','Midfielder',11,4,6,1,6),(71,69,22,'Man. City','Defender',11,4,3,4,9),(72,69,31,'Leipzig','Forward',11,4,3,4,6),(73,69,200,'Atalanta','Midfielder',11,4,3,4,5),(74,69,52,'LOSC','Midfielder',11,4,2,5,5),(75,69,201,'Chelsea','Forward',11,3,6,2,6),(76,69,35,'Chelsea','Midfielder',11,3,5,3,7),(77,69,95,'Young Boys','Midfielder',11,2,5,4,6),(78,69,202,'Chelsea','Defender',11,1,8,2,9),(79,69,203,'Inter','Midfielder',11,1,4,6,8),(80,80,67,'Club Brugge','Forward',10,5,2,3,6),(81,80,53,'Chelsea','Forward',10,5,0,5,5),(82,80,162,'Sevilla','Forward',10,4,5,1,6),(83,80,204,'Young Boys','Forward',10,3,7,0,6),(84,80,205,'Inter','Defender',10,3,6,1,8),(85,80,206,'Young Boys','Forward',10,3,6,1,6),(86,80,70,'Liverpool','Midfielder',10,3,4,3,6),(87,80,78,'Zenit','Forward',10,3,3,4,6),(88,80,115,'Bayern','Midfielder',10,3,2,5,8),(89,80,85,'Man. City','Midfielder',10,3,0,7,7),(90,80,113,'Bayern','Defender',10,2,7,1,10),(91,80,207,'Beşiktaş','Forward',10,2,7,1,5),(92,80,208,'Real Madrid','Midfielder',10,2,6,2,11),(93,80,110,'Salzburg','Defender',10,2,5,3,8),(94,80,209,'Man. United','Forward',10,2,5,3,5),(95,80,139,'Benfica','Forward',10,2,4,4,7),(96,80,210,'Shakhtar Donetsk','Midfielder',10,2,4,4,4),(97,80,74,'Paris','Forward',10,1,5,4,6),(98,98,101,'Man. City','Forward',9,7,1,1,8),(99,98,66,'Ajax','Midfielder',9,5,2,2,8),(100,98,211,'Real Madrid','Defender',9,4,5,0,12),(101,98,212,'Benfica','Forward',9,4,4,1,9),(102,98,213,'Juventus','Forward',9,4,4,1,6),(103,98,214,'Wolfsburg','Forward',9,4,1,4,5),(104,98,215,'Liverpool','Midfielder',9,3,6,0,10),(105,98,11,'Villarreal','Midfielder',9,3,4,2,12),(106,98,216,'Atlético','Forward',9,3,4,2,10),(107,98,57,'Ajax','Defender',9,3,3,3,8),(108,98,40,'Salzburg','Midfielder',9,3,2,4,8),(109,98,217,'Shakhtar Donetsk','Forward',9,2,4,3,6),(110,98,69,'Dynamo Kyiv','Midfielder',9,2,4,3,6),(111,98,102,'Benfica','Forward',9,1,4,4,9),(112,98,104,'Real Madrid','Midfielder',9,0,4,5,11),(113,113,126,'Zenit','Forward',8,6,1,1,5),(114,113,77,'Club Brugge','Forward',8,5,2,1,6),(115,113,218,'Beşiktaş','Forward',8,5,2,1,5),(116,113,219,'Club Brugge','Midfielder',8,4,2,2,6),(117,113,220,'Atalanta','Forward',8,4,2,2,5),(118,113,221,'Young Boys','Midfielder',8,3,4,1,3),(119,113,222,'Sporting CP','Defender',8,3,2,3,7),(120,113,223,'Beşiktaş','Midfielder',8,2,6,0,5),(121,113,224,'Atlético','Forward',8,2,5,1,7),(122,113,225,'Wolfsburg','Forward',8,2,5,1,5),(123,113,226,'Sevilla','Forward',8,2,5,1,4),(124,113,227,'Salzburg','Defender',8,2,4,2,7),(125,113,228,'Juventus','Midfielder',8,2,4,2,7),(126,113,72,'Paris','Forward',8,2,4,2,5),(127,113,229,'Bayern','Midfielder',8,2,2,4,8),(128,113,230,'Chelsea','Defender',8,1,6,1,4),(129,113,231,'Juventus','Midfielder',8,0,6,2,7),(130,130,152,'Porto','Midfielder',7,6,1,0,6),(131,130,232,'Salzburg','Midfielder',7,5,1,1,6),(132,130,32,'Juventus','Midfielder',7,5,1,1,5),(133,130,18,'Man. City','Midfielder',7,4,2,1,11),(134,130,233,'Zenit','Midfielder',7,4,2,1,6),(135,130,54,'Liverpool','Midfielder',7,4,1,2,4),(136,130,234,'Dynamo Kyiv','Midfielder',7,3,4,0,6),(137,130,235,'Juventus','Midfielder',7,3,3,1,6),(138,130,37,'Zenit','Defender',7,3,2,2,6),(139,130,76,'Sevilla','Midfielder',7,3,2,2,5),(140,130,236,'Dynamo Kyiv','Midfielder',7,3,1,3,6),(141,130,47,'Chelsea','Midfielder',7,3,0,4,5),(142,130,237,'Ajax','Midfielder',7,2,4,1,7),(143,130,238,'Shakhtar Donetsk','Defender',7,2,4,1,6),(144,130,239,'Sporting CP','Defender',7,2,4,1,6),(145,130,146,'Benfica','Defender',7,2,3,2,10),(146,130,56,'Bayern','Midfielder',7,2,3,2,7),(147,130,68,'Young Boys','Midfielder',7,1,5,1,6),(148,130,240,'Malmö','Forward',7,1,5,1,6),(149,130,133,'Atalanta','Defender',7,1,4,2,6),(150,130,241,'Shakhtar Donetsk','Midfielder',7,1,4,2,5),(151,130,167,'Chelsea','Defender',7,1,2,4,9),(152,130,242,'Inter','Midfielder',7,0,7,0,6),(153,153,243,'Villarreal','Midfielder',6,6,0,0,9),(154,153,244,'Sporting CP','Forward',6,4,0,2,8),(155,153,245,'Salzburg','Forward',6,3,3,0,6),(156,153,114,'Liverpool','Defender',6,3,1,2,9),(157,153,246,'Ajax','Forward',6,3,1,2,5),(158,153,148,'Ajax','Defender',6,2,4,0,8),(159,153,117,'Chelsea','Midfielder',6,2,4,0,7),(160,153,247,'Liverpool','Defender',6,2,3,1,8),(161,153,248,'Inter','Defender',6,2,2,2,7),(162,153,249,'Atlético','Forward',6,2,1,3,7),(163,153,80,'Young Boys','Midfielder',6,2,1,3,6),(164,153,250,'Juventus','Defender',6,1,5,0,7),(165,153,251,'Barcelona','Forward',6,1,5,0,3),(166,153,252,'Atlético','Midfielder',6,1,4,1,9),(167,153,253,'Man. City','Defender',6,1,4,1,8),(168,153,254,'Bayern','Defender',6,1,4,1,8),(169,153,137,'Inter','Defender',6,1,4,1,7),(170,153,112,'Zenit','Forward',6,1,3,2,6),(171,153,33,'Dortmund','Midfielder',6,1,1,4,4),(172,153,82,'Shakhtar Donetsk','Midfielder',6,1,1,4,4),(173,153,134,'Villarreal','Midfielder',6,0,6,0,10),(174,153,255,'Porto','Midfielder',6,0,4,2,6),(175,153,256,'Club Brugge','Forward',6,0,3,3,5),(176,153,96,'Man. City','Defender',6,0,2,4,8),(177,153,257,'Man. City','Midfielder',6,0,1,5,10),(178,153,258,'Barcelona','Forward',6,0,1,5,6),(179,179,259,'Juventus','Forward',5,4,1,0,2),(180,179,260,'Milan','Forward',5,3,2,0,5),(181,179,261,'Man. United','Midfielder',5,3,1,1,7),(182,179,141,'Leipzig','Midfielder',5,3,1,1,6),(183,179,262,'Young Boys','Midfielder',5,3,1,1,5),(184,179,39,'Real Madrid','Forward',5,3,0,2,8),(185,179,119,'Real Madrid','Defender',5,2,3,0,11),(186,179,263,'Chelsea','Midfielder',5,2,3,0,5),(187,179,25,'Liverpool','Defender',5,2,2,1,10),(188,179,264,'Liverpool','Defender',5,2,2,1,7),(189,179,150,'Leipzig','Defender',5,2,2,1,6),(190,179,265,'Man. United','Midfielder',5,2,2,1,6),(191,179,266,'Sevilla','Defender',5,2,2,1,5),(192,179,131,'Milan','Midfielder',5,2,2,1,5),(193,179,267,'Wolfsburg','Midfielder',5,2,2,1,5),(194,179,268,'Villarreal','Forward',5,2,1,2,8),(195,179,269,'Salzburg','Defender',5,2,1,2,8),(196,179,12,'Villarreal','Midfielder',5,1,4,0,12),(197,179,270,'Man. City','Defender',5,1,4,0,9),(198,179,132,'Chelsea','Forward',5,1,3,1,8),(199,179,15,'Wolfsburg','Midfielder',5,1,3,1,6),(200,179,271,'Inter','Midfielder',5,1,3,1,6),(201,179,272,'Young Boys','Midfielder',5,1,3,1,5),(202,179,273,'Malmö','Midfielder',5,1,3,1,4),(203,179,274,'Liverpool','Midfielder',5,1,2,2,13),(204,179,275,'Zenit','Defender',5,1,2,2,5),(205,179,276,'Young Boys','Defender',5,1,2,2,5),(206,179,157,'Leipzig','Forward',5,1,2,2,4),(207,179,277,'Real Madrid','Defender',5,1,1,3,12),(208,179,278,'LOSC','Midfielder',5,1,1,3,7),(209,179,279,'Sevilla','Forward',5,1,1,3,5),(210,179,280,'Atlético','Defender',5,0,4,1,7),(211,179,130,'Malmö','Midfielder',5,0,4,1,6),(212,179,281,'Bayern','Midfielder',5,0,4,1,5),(213,179,282,'Villarreal','Midfielder',5,0,3,2,6),(214,179,36,'Zenit','Defender',5,0,3,2,5),(215,179,283,'Shakhtar Donetsk','Midfielder',5,0,2,3,6),(216,179,284,'LOSC','Forward',5,0,2,3,5),(217,179,16,'Leipzig','Defender',5,0,2,3,5),(218,179,285,'Sevilla','Forward',5,0,2,3,4),(219,219,286,'Shakhtar Donetsk','Midfielder',4,4,0,0,6),(220,219,287,'Paris','Midfielder',4,4,0,0,5),(221,219,288,'Inter','Defender',4,3,1,0,6),(222,219,289,'Man. United','Forward',4,3,1,0,3),(223,219,64,'Salzburg','Midfielder',4,3,0,1,8),(224,219,75,'Atlético','Midfielder',4,3,0,1,8),(225,219,290,'Dynamo Kyiv','Midfielder',4,3,0,1,5),(226,219,291,'Villarreal','Forward',4,2,2,0,7),(227,219,292,'Paris','Midfielder',4,2,2,0,7),(228,219,293,'Leipzig','Midfielder',4,2,2,0,4),(229,219,172,'Bayern','Midfielder',4,2,2,0,4),(230,219,294,'Beşiktaş','Midfielder',4,2,2,0,4),(231,219,45,'Atlético','Defender',4,2,1,1,10),(232,219,48,'Chelsea','Midfielder',4,2,1,1,8),(233,219,120,'Ajax','Defender',4,2,1,1,8),(234,219,295,'Man. United','Defender',4,2,1,1,6),(235,219,296,'Sheriff','Midfielder',4,2,1,1,5),(236,219,297,'Malmö','Midfielder',4,2,1,1,5),(237,219,298,'Sheriff','Forward',4,2,1,1,3),(238,219,299,'Villarreal','Forward',4,2,1,1,3),(239,219,300,'Salzburg','Forward',4,2,0,2,8),(240,219,301,'Dynamo Kyiv','Midfielder',4,2,0,2,6),(241,219,142,'Villarreal','Midfielder',4,2,0,2,6),(242,219,302,'Villarreal','Defender',4,1,3,0,12),(243,219,303,'Benfica','Defender',4,1,3,0,9),(244,219,304,'Sevilla','Defender',4,1,3,0,6),(245,219,305,'Man. City','Defender',4,1,3,0,6),(246,219,306,'Sporting CP','Forward',4,1,3,0,5),(247,219,307,'Atalanta','Defender',4,1,3,0,4),(248,219,308,'Ajax','Forward',4,1,3,0,2),(249,219,309,'Sporting CP','Midfielder',4,1,2,1,6),(250,219,170,'Milan','Midfielder',4,1,2,1,5),(251,219,310,'Man. United','Midfielder',4,1,2,1,5),(252,219,311,'LOSC','Midfielder',4,1,2,1,5),(253,219,312,'Porto','Forward',4,1,2,1,4),(254,219,313,'Barcelona','Defender',4,1,2,1,4),(255,219,314,'Barcelona','Forward',4,1,2,1,4),(256,219,315,'Man. United','Defender',4,1,2,1,3),(257,219,316,'Barcelona','Forward',4,1,2,1,3),(258,219,317,'Real Madrid','Forward',4,1,2,1,3),(259,219,318,'Milan','Midfielder',4,1,1,2,6),(260,219,91,'Sporting CP','Midfielder',4,1,1,2,4),(261,219,319,'Barcelona','Forward',4,1,1,2,3),(262,219,320,'Man. City','Defender',4,1,0,3,8),(263,219,321,'Porto','Midfielder',4,1,0,3,6),(264,219,322,'LOSC','Forward',4,1,0,3,6),(265,219,122,'LOSC','Defender',4,0,4,0,7),(266,219,323,'Sporting CP','Defender',4,0,3,1,8),(267,219,324,'LOSC','Midfielder',4,0,3,1,7),(268,219,325,'Barcelona','Midfielder',4,0,3,1,6),(269,219,326,'Dortmund','Midfielder',4,0,3,1,5),(270,219,327,'Villarreal','Defender',4,0,2,2,10),(271,219,63,'Man. City','Midfielder',4,0,2,2,8),(272,219,328,'Leipzig','Defender',4,0,2,2,6),(273,219,329,'Chelsea','Midfielder',4,0,2,2,6),(274,219,330,'Zenit','Midfielder',4,0,2,2,6),(275,219,331,'Atlético','Forward',4,0,2,2,5),(276,219,73,'Atalanta','Midfielder',4,0,1,3,5),(277,277,147,'Chelsea','Defender',3,3,0,0,9),(278,277,332,'Young Boys','Midfielder',3,3,0,0,6),(279,277,333,'Real Madrid','Forward',3,3,0,0,3),(280,277,334,'Villarreal','Midfielder',3,2,1,0,9),(281,277,335,'Villarreal','Midfielder',3,2,1,0,8),(282,277,336,'Villarreal','Defender',3,2,1,0,7),(283,277,337,'Shakhtar Donetsk','Midfielder',3,2,1,0,6),(284,277,338,'Milan','Defender',3,2,1,0,5),(285,277,128,'Barcelona','Defender',3,2,1,0,5),(286,277,339,'Sevilla','Midfielder',3,2,1,0,4),(287,277,340,'Sheriff','Forward',3,2,1,0,3),(288,277,341,'Atalanta','Midfielder',3,2,1,0,2),(289,277,161,'Chelsea','Defender',3,2,0,1,8),(290,277,61,'Inter','Midfielder',3,2,0,1,7),(291,277,342,'Sevilla','Midfielder',3,2,0,1,6),(292,277,343,'Paris','Midfielder',3,2,0,1,6),(293,277,23,'Sheriff','Defender',3,1,2,0,6),(294,277,344,'Malmö','Midfielder',3,1,2,0,6),(295,277,345,'Dynamo Kyiv','Midfielder',3,1,2,0,6),(296,277,346,'LOSC','Defender',3,1,2,0,5),(297,277,155,'Atalanta','Midfielder',3,1,2,0,5),(298,277,123,'LOSC','Midfielder',3,1,2,0,4),(299,277,347,'Chelsea','Defender',3,1,2,0,3),(300,277,348,'Malmö','Midfielder',3,1,2,0,3),(301,277,349,'Inter','Midfielder',3,1,2,0,2),(302,277,13,'Benfica','Defender',3,1,1,1,10),(303,277,350,'Sheriff','Midfielder',3,1,1,1,6),(304,277,351,'Barcelona','Midfielder',3,1,1,1,6),(305,277,352,'Sporting CP','Midfielder',3,1,1,1,5),(306,277,127,'Atalanta','Defender',3,1,1,1,5),(307,277,353,'Dortmund','Midfielder',3,1,1,1,5),(308,277,354,'Sheriff','Midfielder',3,1,1,1,5),(309,277,355,'Barcelona','Defender',3,1,1,1,4),(310,277,356,'Zenit','Midfielder',3,1,1,1,4),(311,277,357,'Bayern','Midfielder',3,1,1,1,4),(312,277,358,'Liverpool','Defender',3,1,1,1,3),(313,277,359,'Chelsea','Midfielder',3,1,1,1,3),(314,277,360,'Benfica','Forward',3,1,1,1,1),(315,277,361,'Benfica','Defender',3,1,0,2,9),(316,277,362,'Benfica','Midfielder',3,1,0,2,6),(317,277,88,'Atalanta','Midfielder',3,1,0,2,4),(318,277,363,'Shakhtar Donetsk','Midfielder',3,1,0,2,2),(319,277,364,'Man. City','Forward',3,1,0,2,1),(320,277,365,'Salzburg','Midfielder',3,0,3,0,8),(321,277,366,'Bayern','Defender',3,0,3,0,7),(322,277,367,'Juventus','Midfielder',3,0,3,0,7),(323,277,368,'Sheriff','Defender',3,0,3,0,6),(324,277,369,'Barcelona','Defender',3,0,3,0,5),(325,277,370,'Shakhtar Donetsk','Defender',3,0,3,0,5),(326,277,371,'Shakhtar Donetsk','Defender',3,0,3,0,5),(327,277,372,'Dortmund','Defender',3,0,3,0,5),(328,277,373,'Club Brugge','Defender',3,0,3,0,4),(329,277,374,'Milan','Defender',3,0,3,0,4),(330,277,30,'Beşiktaş','Midfielder',3,0,3,0,3),(331,277,83,'Atlético','Midfielder',3,0,2,1,9),(332,277,375,'LOSC','Defender',3,0,2,1,8),(333,277,140,'Chelsea','Midfielder',3,0,2,1,6),(334,277,118,'Atalanta','Defender',3,0,2,1,5),(335,277,86,'Milan','Defender',3,0,2,1,5),(336,277,376,'Beşiktaş','Midfielder',3,0,2,1,5),(337,277,377,'Milan','Forward',3,0,2,1,4),(338,277,378,'Porto','Midfielder',3,0,2,1,4),(339,277,144,'Zenit','Defender',3,0,2,1,4),(340,277,379,'Dortmund','Midfielder',3,0,2,1,3),(341,277,380,'Sevilla','Forward',3,0,2,1,2),(342,277,381,'Wolfsburg','Forward',3,0,1,2,6),(343,277,382,'Dynamo Kyiv','Defender',3,0,1,2,6),(344,277,383,'Dynamo Kyiv','Midfielder',3,0,1,2,3),(345,277,384,'Barcelona','Midfielder',3,0,0,3,4),(346,277,385,'Beşiktaş','Midfielder',3,0,0,3,3),(347,347,386,'Paris','Defender',2,2,0,0,8),(348,347,387,'Atalanta','Defender',2,2,0,0,6),(349,347,136,'Atalanta','Midfielder',2,2,0,0,6),(350,347,388,'Salzburg','Defender',2,2,0,0,5),(351,347,389,'Man. United','Defender',2,2,0,0,5),(352,347,390,'Zenit','Midfielder',2,2,0,0,4),(353,347,391,'Atalanta','Midfielder',2,2,0,0,4),(354,347,106,'Man. United','Forward',2,2,0,0,4),(355,347,156,'Man. United','Midfielder',2,2,0,0,4),(356,347,392,'Man. City','Midfielder',2,2,0,0,3),(357,347,393,'Milan','Forward',2,2,0,0,2),(358,347,394,'Atlético','Midfielder',2,1,1,0,9),(359,347,395,'Sporting CP','Forward',2,1,1,0,7),(360,347,396,'Club Brugge','Defender',2,1,1,0,6),(361,347,397,'Porto','Midfielder',2,1,1,0,6),(362,347,107,'Inter','Forward',2,1,1,0,6),(363,347,398,'Porto','Defender',2,1,1,0,5),(364,347,399,'Barcelona','Defender',2,1,1,0,5),(365,347,400,'Zenit','Midfielder',2,1,1,0,5),(366,347,163,'Milan','Defender',2,1,1,0,5),(367,347,401,'Dynamo Kyiv','Defender',2,1,1,0,5),(368,347,402,'Benfica','Midfielder',2,1,1,0,5),(369,347,403,'Atlético','Defender',2,1,1,0,5),(370,347,404,'Young Boys','Defender',2,1,1,0,4),(371,347,405,'Barcelona','Midfielder',2,1,1,0,3),(372,347,406,'Atalanta','Defender',2,1,1,0,3),(373,347,407,'Club Brugge','Forward',2,1,1,0,3),(374,347,408,'Inter','Defender',2,1,1,0,3),(375,347,409,'Milan','Defender',2,1,1,0,3),(376,347,410,'Man. United','Midfielder',2,1,1,0,3),(377,347,411,'Benfica','Midfielder',2,1,0,1,9),(378,347,84,'Liverpool','Midfielder',2,1,0,1,8),(379,347,412,'Man. City','Defender',2,1,0,1,7),(380,347,413,'Club Brugge','Defender',2,1,0,1,6),(381,347,414,'Wolfsburg','Midfielder',2,1,0,1,6),(382,347,151,'Young Boys','Defender',2,1,0,1,6),(383,347,415,'Milan','Midfielder',2,1,0,1,6),(384,347,416,'Man. United','Midfielder',2,1,0,1,6),(385,347,417,'Sevilla','Defender',2,1,0,1,4),(386,347,418,'Man. United','Midfielder',2,1,0,1,1),(387,347,124,'Real Madrid','Midfielder',2,0,2,0,10),(388,347,58,'Real Madrid','Defender',2,0,2,0,10),(389,347,419,'Ajax','Midfielder',2,0,2,0,8),(390,347,420,'Paris','Midfielder',2,0,2,0,7),(391,347,421,'Juventus','Midfielder',2,0,2,0,6),(392,347,422,'Dynamo Kyiv','Defender',2,0,2,0,6),(393,347,423,'Wolfsburg','Defender',2,0,2,0,6),(394,347,125,'Juventus','Midfielder',2,0,2,0,5),(395,347,424,'Malmö','Forward',2,0,2,0,4),(396,347,425,'Beşiktaş','Midfielder',2,0,2,0,4),(397,347,426,'Liverpool','Forward',2,0,2,0,4),(398,347,427,'Shakhtar Donetsk','Defender',2,0,2,0,4),(399,347,428,'Milan','Midfielder',2,0,2,0,4),(400,347,429,'Leipzig','Defender',2,0,2,0,4),(401,347,143,'Club Brugge','Defender',2,0,2,0,4),(402,347,430,'Benfica','Defender',2,0,2,0,3),(403,347,431,'Dortmund','Forward',2,0,2,0,3),(404,347,173,'Ajax','Defender',2,0,2,0,3),(405,347,432,'Wolfsburg','Defender',2,0,2,0,3),(406,347,433,'Wolfsburg','Forward',2,0,2,0,3),(407,347,434,'Inter','Defender',2,0,2,0,3),(408,347,435,'Shakhtar Donetsk','Midfielder',2,0,2,0,2),(409,347,436,'Villarreal','Defender',2,0,1,1,12),(410,347,437,'LOSC','Midfielder',2,0,1,1,8),(411,347,438,'Bayern','Defender',2,0,1,1,8),(412,347,62,'Sporting CP','Defender',2,0,1,1,8),(413,347,439,'Sheriff','Defender',2,0,1,1,6),(414,347,440,'Milan','Midfielder',2,0,1,1,6),(415,347,441,'Atlético','Defender',2,0,1,1,6),(416,347,442,'Atalanta','Midfielder',2,0,1,1,6),(417,347,443,'Barcelona','Midfielder',2,0,1,1,6),(418,347,444,'Bayern','Defender',2,0,1,1,5),(419,347,445,'Dortmund','Defender',2,0,1,1,5),(420,347,446,'Young Boys','Forward',2,0,1,1,5),(421,347,447,'Porto','Defender',2,0,1,1,5),(422,347,448,'Atlético','Defender',2,0,1,1,5),(423,347,449,'Malmö','Defender',2,0,1,1,5),(424,347,450,'Inter','Defender',2,0,1,1,5),(425,347,79,'Club Brugge','Midfielder',2,0,1,1,4),(426,347,451,'LOSC','Defender',2,0,1,1,4),(427,347,452,'Barcelona','Defender',2,0,1,1,4),(428,347,453,'Dortmund','Defender',2,0,1,1,3),(429,347,454,'Milan','Defender',2,0,1,1,3),(430,347,455,'Paris','Forward',2,0,1,1,3),(431,347,456,'Barcelona','Midfielder',2,0,1,1,3),(432,347,457,'Real Madrid','Defender',2,0,1,1,3),(433,347,458,'Dortmund','Forward',2,0,1,1,2),(434,347,138,'Leipzig','Forward',2,0,1,1,2),(435,347,459,'Dortmund','Forward',2,0,1,1,1),(436,347,460,'Sheriff','Midfielder',2,0,0,2,6),(437,347,461,'Beşiktaş','Forward',2,0,0,2,5),(438,347,164,'Juventus','Defender',2,0,0,2,5),(439,347,462,'Leipzig','Midfielder',2,0,0,2,3),(440,440,8,'Benfica','Midfielder',1,1,0,0,8),(441,440,463,'Liverpool','Defender',1,1,0,0,7),(442,440,169,'Ajax','Midfielder',1,1,0,0,7),(443,440,55,'Sporting CP','Midfielder',1,1,0,0,6),(444,440,121,'Dortmund','Defender',1,1,0,0,6),(445,440,464,'Malmö','Defender',1,1,0,0,6),(446,440,465,'Dortmund','Midfielder',1,1,0,0,6),(447,440,466,'Juventus','Midfielder',1,1,0,0,5),(448,440,467,'Inter','Forward',1,1,0,0,5),(449,440,468,'Sevilla','Defender',1,1,0,0,4),(450,440,469,'Wolfsburg','Midfielder',1,1,0,0,4),(451,440,470,'Salzburg','Midfielder',1,1,0,0,4),(452,440,103,'Milan','Forward',1,1,0,0,4),(453,440,471,'Beşiktaş','Defender',1,1,0,0,4),(454,440,472,'Man. United','Midfielder',1,1,0,0,4),(455,440,473,'Man. United','Defender',1,1,0,0,4),(456,440,474,'Dynamo Kyiv','Defender',1,1,0,0,4),(457,440,475,'Sevilla','Midfielder',1,1,0,0,4),(458,440,476,'Juventus','Defender',1,1,0,0,4),(459,440,477,'Sheriff','Defender',1,1,0,0,3),(460,440,478,'Milan','Forward',1,1,0,0,2),(461,440,479,'Benfica','Defender',1,1,0,0,2),(462,440,480,'Shakhtar Donetsk','Forward',1,1,0,0,2),(463,440,153,'Porto','Midfielder',1,1,0,0,2),(464,440,481,'Young Boys','Defender',1,1,0,0,2),(465,440,482,'Club Brugge','Midfielder',1,1,0,0,1),(466,440,166,'Leipzig','Midfielder',1,1,0,0,1),(467,440,483,'Sporting CP','Forward',1,1,0,0,1),(468,440,484,'Zenit','Midfielder',1,1,0,0,1),(469,440,485,'Real Madrid','Defender',1,0,1,0,9),(470,440,486,'Inter','Defender',1,0,1,0,8),(471,440,487,'Paris','Defender',1,0,1,0,8),(472,440,488,'Man. United','Midfielder',1,0,1,0,8),(473,440,154,'Sporting CP','Defender',1,0,1,0,7),(474,440,489,'LOSC','Defender',1,0,1,0,7),(475,440,490,'Atlético','Defender',1,0,1,0,7),(476,440,491,'Sheriff','Midfielder',1,0,1,0,6),(477,440,492,'Sheriff','Defender',1,0,1,0,6),(478,440,493,'Sporting CP','Defender',1,0,1,0,6),(479,440,494,'Porto','Defender',1,0,1,0,6),(480,440,495,'Malmö','Midfielder',1,0,1,0,6),(481,440,496,'Wolfsburg','Defender',1,0,1,0,6),(482,440,497,'Wolfsburg','Defender',1,0,1,0,6),(483,440,498,'Beşiktaş','Defender',1,0,1,0,5),(484,440,499,'Ajax','Forward',1,0,1,0,5),(485,440,500,'Dynamo Kyiv','Defender',1,0,1,0,5),(486,440,501,'Paris','Midfielder',1,0,1,0,5),(487,440,502,'Milan','Defender',1,0,1,0,5),(488,440,42,'Man. United','Defender',1,0,1,0,5),(489,440,97,'Villarreal','Defender',1,0,1,0,5),(490,440,503,'Wolfsburg','Midfielder',1,0,1,0,5),(491,440,504,'Zenit','Defender',1,0,1,0,4),(492,440,505,'Leipzig','Defender',1,0,1,0,4),(493,440,506,'Leipzig','Midfielder',1,0,1,0,4),(494,440,507,'Porto','Defender',1,0,1,0,4),(495,440,508,'Atlético','Midfielder',1,0,1,0,4),(496,440,509,'Milan','Defender',1,0,1,0,4),(497,440,510,'Malmö','Defender',1,0,1,0,4),(498,440,511,'Man. United','Forward',1,0,1,0,4),(499,440,512,'Shakhtar Donetsk','Midfielder',1,0,1,0,4),(500,440,513,'Dynamo Kyiv','Midfielder',1,0,1,0,3),(501,440,514,'Young Boys','Defender',1,0,1,0,3),(502,440,515,'Dortmund','Midfielder',1,0,1,0,3),(503,440,165,'Ajax','Defender',1,0,1,0,3),(504,440,516,'Young Boys','Defender',1,0,1,0,3),(505,440,517,'Paris','Forward',1,0,1,0,3),(506,440,518,'Benfica','Midfielder',1,0,1,0,3),(507,440,519,'Beşiktaş','Midfielder',1,0,1,0,3),(508,440,520,'Leipzig','Midfielder',1,0,1,0,3),(509,440,521,'Barcelona','Midfielder',1,0,1,0,2),(510,440,522,'Sporting CP','Defender',1,0,1,0,2),(511,440,523,'Barcelona','Defender',1,0,1,0,2),(512,440,524,'Ajax','Midfielder',1,0,1,0,2),(513,440,525,'Shakhtar Donetsk','Defender',1,0,1,0,2),(514,440,526,'Wolfsburg','Forward',1,0,1,0,2),(515,440,527,'Porto','Defender',1,0,1,0,2),(516,440,528,'Beşiktaş','Defender',1,0,1,0,1),(517,440,529,'Young Boys','Midfielder',1,0,1,0,1),(518,440,530,'Real Madrid','Defender',1,0,1,0,1),(519,440,531,'Shakhtar Donetsk','Defender',1,0,1,0,1),(520,440,532,'Sevilla','Midfielder',1,0,1,0,1),(521,440,533,'Young Boys','Defender',1,0,1,0,1),(522,440,534,'Villarreal','Defender',1,0,0,1,10),(523,440,535,'Salzburg','Midfielder',1,0,0,1,7),(524,440,536,'Juventus','Defender',1,0,0,1,7),(525,440,537,'Man. United','Defender',1,0,0,1,6),(526,440,538,'Zenit','Midfielder',1,0,0,1,6),(527,440,539,'Zenit','Defender',1,0,0,1,6),(528,440,540,'Porto','Forward',1,0,0,1,6),(529,440,541,'Shakhtar Donetsk','Midfielder',1,0,0,1,5),(530,440,171,'Wolfsburg','Midfielder',1,0,0,1,5),(531,440,542,'Young Boys','Forward',1,0,0,1,4),(532,440,543,'LOSC','Midfielder',1,0,0,1,4),(533,440,544,'Sevilla','Midfielder',1,0,0,1,4),(534,440,545,'Beşiktaş','Defender',1,0,0,1,3),(535,440,546,'LOSC','Midfielder',1,0,0,1,2),(536,440,547,'Malmö','Midfielder',1,0,0,1,2),(537,440,548,'Porto','Forward',1,0,0,1,2),(538,440,549,'Dortmund','Midfielder',1,0,0,1,2),(539,440,550,'Zenit','Forward',1,0,0,1,1),(540,440,551,'Sporting CP','Defender',1,0,0,1,1),(541,440,552,'Salzburg','Forward',1,0,0,1,1),(542,440,553,'Paris','Midfielder',1,0,0,1,1),(543,440,554,'Beşiktaş','Midfielder',1,0,0,1,1),(544,440,555,'Club Brugge','Forward',1,0,0,1,1),(545,440,556,'Benfica','Forward',1,0,0,1,1),(546,440,557,'Barcelona','Forward',1,0,0,1,1);
/*!40000 ALTER TABLE `attempts` ENABLE KEYS */;
UNLOCK TABLES;

--
-- Table structure for table `defending`
--

DROP TABLE IF EXISTS `defending`;
/*!40101 SET @saved_cs_client     = @@character_set_client */;
/*!50503 SET character_set_client = utf8mb4 */;
CREATE TABLE `defending` (
  `ID` int NOT NULL AUTO_INCREMENT,
  `ranking` int DEFAULT NULL,
  `player_ID` int DEFAULT NULL,
  `club` varchar(255) DEFAULT NULL,
  `position` varchar(50) DEFAULT NULL,
  `balls_recovered` int DEFAULT NULL,
  `tackles` int DEFAULT NULL,
  `t_won` int DEFAULT NULL,
  `t_lost` int DEFAULT NULL,
  `clearance_attempted` int DEFAULT NULL,
  `match_played` int DEFAULT NULL,
  PRIMARY KEY (`ID`),
  KEY `fk_defending` (`player_ID`),
  CONSTRAINT `fk_defending` FOREIGN KEY (`player_ID`) REFERENCES `players` (`ID`)
) ENGINE=InnoDB AUTO_INCREMENT=1024 DEFAULT CHARSET=utf8mb4 COLLATE=utf8mb4_0900_ai_ci;
/*!40101 SET character_set_client = @saved_cs_client */;

--
-- Dumping data for table `defending`
--

LOCK TABLES `defending` WRITE;
/*!40000 ALTER TABLE `defending` DISABLE KEYS */;
INSERT INTO `defending` VALUES (1,1,208,'Real Madrid','Midfielder',76,31,13,18,19,11),(2,1,211,'Real Madrid','Defender',76,19,6,13,32,12),(3,1,558,'Atlético','Defender',76,13,6,7,20,10),(4,4,274,'Liverpool','Midfielder',74,23,9,14,8,13),(5,5,436,'Villarreal','Defender',73,9,6,3,62,12),(6,6,167,'Chelsea','Defender',65,9,4,5,17,9),(7,7,303,'Benfica','Defender',63,28,17,11,48,9),(8,8,11,'Villarreal','Midfielder',62,11,1,10,29,12),(9,8,114,'Liverpool','Defender',62,3,2,1,29,9),(10,10,22,'Man. City','Defender',56,9,6,3,13,9),(11,11,327,'Villarreal','Defender',55,20,10,10,30,10),(12,11,113,'Bayern','Defender',55,12,7,5,17,10),(13,13,247,'Liverpool','Defender',53,16,11,5,17,8),(14,13,148,'Ajax','Defender',53,10,2,8,19,8),(15,15,257,'Man. City','Midfielder',52,14,10,4,5,10),(16,15,534,'Villarreal','Defender',52,8,4,4,31,10),(17,17,146,'Benfica','Defender',51,9,6,3,51,10),(18,17,270,'Man. City','Defender',51,5,1,4,17,9),(19,17,559,'Sevilla','Midfielder',51,3,1,2,6,6),(20,17,5,'Liverpool','Defender',51,1,0,1,18,9),(21,21,119,'Real Madrid','Defender',50,12,6,6,30,11),(22,22,278,'LOSC','Midfielder',49,24,12,12,11,7),(23,22,277,'Real Madrid','Defender',49,18,12,6,28,12),(24,22,254,'Bayern','Defender',49,9,6,3,15,8),(25,22,302,'Villarreal','Defender',49,7,3,4,62,12),(26,22,536,'Juventus','Defender',49,5,4,1,24,7),(27,27,361,'Benfica','Defender',48,17,8,9,17,9),(28,27,12,'Villarreal','Midfielder',48,17,8,9,5,12),(29,27,266,'Sevilla','Defender',48,0,0,0,15,5),(30,30,375,'LOSC','Defender',47,13,9,4,29,8),(31,31,202,'Chelsea','Defender',46,9,5,4,16,9),(32,31,486,'Inter','Defender',46,7,2,5,18,8),(33,31,438,'Bayern','Defender',46,4,1,3,16,8),(34,34,320,'Man. City','Defender',45,11,1,10,16,8),(35,35,64,'Salzburg','Midfielder',44,18,6,12,9,8),(36,35,25,'Liverpool','Defender',44,4,3,1,14,10),(37,37,332,'Young Boys','Midfielder',43,12,7,5,13,6),(38,38,413,'Club Brugge','Defender',42,6,4,2,18,6),(39,38,121,'Dortmund','Defender',42,3,0,3,9,6),(40,38,168,'Paris','Defender',42,2,2,0,36,8),(41,41,229,'Bayern','Midfielder',41,15,6,9,3,8),(42,41,365,'Salzburg','Midfielder',41,14,7,7,4,8),(43,41,538,'Zenit','Midfielder',41,11,7,4,13,6),(44,41,161,'Chelsea','Defender',41,10,6,4,14,8),(45,41,560,'Club Brugge','Defender',41,7,2,5,27,6),(46,41,127,'Atalanta','Defender',41,6,3,3,14,5),(47,41,269,'Salzburg','Defender',41,6,2,4,20,8),(48,41,304,'Sevilla','Defender',41,3,1,2,20,6),(49,49,376,'Beşiktaş','Midfielder',40,20,12,8,9,5),(50,49,215,'Liverpool','Midfielder',40,16,11,5,5,10),(51,49,57,'Ajax','Defender',40,16,10,6,9,8),(52,49,252,'Atlético','Midfielder',40,15,6,9,7,9),(53,49,366,'Bayern','Defender',40,3,1,2,12,7),(54,54,439,'Sheriff','Defender',39,19,13,6,39,6),(55,54,227,'Salzburg','Defender',39,14,6,8,36,7),(56,54,328,'Leipzig','Defender',39,9,5,4,12,6),(57,54,7,'Real Madrid','Midfielder',39,9,3,6,4,13),(58,54,489,'LOSC','Defender',39,8,6,2,24,7),(59,54,503,'Wolfsburg','Midfielder',39,6,1,5,26,5),(60,54,445,'Dortmund','Defender',39,5,2,3,12,5),(61,61,203,'Inter','Midfielder',38,15,6,9,6,8),(62,61,205,'Inter','Defender',38,11,6,5,26,8),(63,61,48,'Chelsea','Midfielder',38,7,5,2,2,8),(64,64,193,'Real Madrid','Midfielder',37,11,5,6,4,12),(65,64,238,'Shakhtar Donetsk','Defender',37,10,6,4,8,6),(66,64,561,'Club Brugge','Midfielder',37,10,3,7,9,5),(67,64,346,'LOSC','Defender',37,7,5,2,20,5),(68,64,394,'Atlético','Midfielder',37,6,0,6,8,9),(69,64,345,'Dynamo Kyiv','Midfielder',37,5,3,2,8,6),(70,70,309,'Sporting CP','Midfielder',36,29,11,18,6,6),(71,70,110,'Salzburg','Defender',36,18,8,10,27,8),(72,70,487,'Paris','Defender',36,7,1,6,11,8),(73,70,58,'Real Madrid','Defender',36,6,5,1,15,10),(74,70,562,'Juventus','Defender',36,6,2,4,17,7),(75,70,388,'Salzburg','Defender',36,1,0,1,18,5),(76,76,411,'Benfica','Midfielder',35,23,12,11,12,9),(77,76,185,'Bayern','Midfielder',35,8,5,3,6,6),(78,76,419,'Ajax','Midfielder',35,6,2,4,12,8),(79,76,465,'Dortmund','Midfielder',35,5,2,3,5,6),(80,76,280,'Atlético','Defender',35,4,2,2,23,7),(81,76,423,'Wolfsburg','Defender',35,1,1,0,30,6),(82,82,13,'Benfica','Defender',34,15,6,9,24,10),(83,82,448,'Atlético','Defender',34,6,5,1,17,5),(84,82,307,'Atalanta','Defender',34,6,5,1,6,4),(85,82,264,'Liverpool','Defender',34,5,1,4,15,7),(86,82,442,'Atalanta','Midfielder',34,4,0,4,15,6),(87,82,490,'Atlético','Defender',34,3,1,2,31,7),(88,82,412,'Man. City','Defender',34,3,1,2,11,7),(89,82,389,'Man. United','Defender',34,0,0,0,18,5),(90,90,234,'Dynamo Kyiv','Midfielder',33,11,4,7,4,6),(91,90,399,'Barcelona','Defender',33,8,1,7,13,5),(92,90,68,'Young Boys','Midfielder',33,7,2,5,2,6),(93,90,563,'Salzburg','Defender',33,4,3,1,22,5),(94,90,253,'Man. City','Defender',33,1,1,0,8,8),(95,95,37,'Zenit','Defender',32,12,7,5,21,6),(96,95,250,'Juventus','Defender',32,11,4,7,11,7),(97,95,120,'Ajax','Defender',32,11,4,7,8,8),(98,95,368,'Sheriff','Defender',32,11,3,8,39,6),(99,95,502,'Milan','Defender',32,10,7,3,18,5),(100,95,272,'Young Boys','Midfielder',32,10,2,8,6,5),(101,95,564,'Malmö','Defender',32,6,3,3,24,5),(102,102,565,'Beşiktaş','Defender',31,13,4,9,11,4),(103,102,415,'Milan','Midfielder',31,9,5,4,5,6),(104,102,96,'Man. City','Defender',31,6,2,4,8,8),(105,102,288,'Inter','Defender',31,5,4,1,16,6),(106,102,566,'Atalanta','Defender',31,5,4,1,8,5),(107,102,447,'Porto','Defender',31,4,1,3,19,5),(108,102,387,'Atalanta','Defender',31,3,1,2,21,6),(109,102,109,'Inter','Midfielder',31,1,1,0,13,8),(110,110,61,'Inter','Midfielder',30,19,10,9,9,7),(111,110,83,'Atlético','Midfielder',30,11,8,3,7,9),(112,110,136,'Atalanta','Midfielder',30,10,6,4,8,6),(113,110,338,'Milan','Defender',30,10,3,7,22,5),(114,110,150,'Leipzig','Defender',30,9,3,6,18,6),(115,110,567,'Man. United','Defender',30,5,3,2,15,5),(116,110,15,'Wolfsburg','Midfielder',30,5,2,3,8,6),(117,110,295,'Man. United','Defender',30,5,1,4,17,6),(118,110,66,'Ajax','Midfielder',30,4,3,1,10,8),(119,110,398,'Porto','Defender',30,4,2,2,17,5),(120,110,492,'Sheriff','Defender',30,1,0,1,37,6),(121,121,237,'Ajax','Midfielder',29,19,10,9,7,7),(122,121,443,'Barcelona','Midfielder',29,19,9,10,3,6),(123,121,104,'Real Madrid','Midfielder',29,13,7,6,10,11),(124,121,2,'Real Madrid','Forward',29,11,3,8,0,13),(125,121,265,'Man. United','Midfielder',29,10,6,4,2,6),(126,121,140,'Chelsea','Midfielder',29,9,3,6,4,6),(127,121,122,'LOSC','Defender',29,8,4,4,8,7),(128,121,60,'Liverpool','Midfielder',29,3,1,2,1,12),(129,129,535,'Salzburg','Midfielder',28,14,5,9,5,7),(130,129,537,'Man. United','Defender',28,12,7,5,12,6),(131,129,378,'Porto','Midfielder',28,12,4,8,1,4),(132,129,372,'Dortmund','Defender',28,8,1,7,12,5),(133,129,310,'Man. United','Midfielder',28,7,2,5,4,5),(134,129,95,'Young Boys','Midfielder',28,6,3,3,5,6),(135,129,239,'Sporting CP','Defender',28,6,2,4,29,6),(136,129,154,'Sporting CP','Defender',28,4,3,1,16,7),(137,129,441,'Atlético','Defender',28,2,1,1,23,6),(138,138,491,'Sheriff','Midfielder',27,26,7,19,10,6),(139,138,471,'Beşiktaş','Defender',27,12,6,6,11,4),(140,138,228,'Juventus','Midfielder',27,11,6,5,5,7),(141,138,485,'Real Madrid','Defender',27,10,4,6,14,9),(142,138,449,'Malmö','Defender',27,6,5,1,28,5),(143,138,497,'Wolfsburg','Defender',27,3,2,1,8,6),(144,138,427,'Shakhtar Donetsk','Defender',27,2,1,1,9,4),(145,138,196,'Chelsea','Defender',27,2,1,1,6,6),(146,146,568,'Paris','Defender',26,9,4,5,32,7),(147,146,494,'Porto','Defender',26,7,4,3,14,6),(148,146,147,'Chelsea','Defender',26,6,3,3,9,9),(149,146,422,'Dynamo Kyiv','Defender',26,4,2,2,26,6),(150,146,28,'Liverpool','Defender',26,2,1,1,10,5),(151,151,569,'Sporting CP','Defender',25,13,7,6,13,6),(152,151,351,'Barcelona','Midfielder',25,10,3,7,3,6),(153,151,18,'Man. City','Midfielder',25,9,4,5,5,11),(154,151,4,'Ajax','Forward',25,7,3,4,2,7),(155,151,190,'Atlético','Midfielder',25,6,1,5,9,9),(156,151,386,'Paris','Defender',25,5,4,1,12,8),(157,151,570,'Leipzig','Defender',25,5,4,1,10,4),(158,158,19,'Dortmund','Midfielder',24,16,9,7,5,6),(159,158,231,'Juventus','Midfielder',24,15,7,8,1,7),(160,158,164,'Juventus','Defender',24,9,1,8,21,5),(161,158,493,'Sporting CP','Defender',24,8,3,5,19,6),(162,158,145,'Juventus','Defender',24,5,5,0,4,4),(163,158,318,'Milan','Midfielder',24,5,1,4,2,6),(164,158,571,'Leipzig','Defender',24,4,3,1,17,5),(165,158,56,'Bayern','Midfielder',24,4,2,2,4,7),(166,166,45,'Atlético','Defender',23,21,6,15,8,10),(167,166,495,'Malmö','Midfielder',23,14,2,12,5,6),(168,166,323,'Sporting CP','Defender',23,9,6,3,10,8),(169,166,36,'Zenit','Defender',23,8,5,3,20,5),(170,166,498,'Beşiktaş','Defender',23,7,3,4,9,5),(171,166,125,'Juventus','Midfielder',23,7,3,4,2,5),(172,166,403,'Atlético','Defender',23,6,3,3,8,5),(173,166,367,'Juventus','Midfielder',23,6,1,5,9,7),(174,166,500,'Dynamo Kyiv','Defender',23,4,3,1,24,5),(175,166,430,'Benfica','Defender',23,2,1,1,11,3),(176,166,326,'Dortmund','Midfielder',23,1,0,1,2,5),(177,166,3,'Bayern','Midfielder',23,1,0,1,0,10),(178,166,509,'Milan','Defender',23,0,0,0,11,4),(179,179,572,'Paris','Midfielder',22,35,18,17,4,5),(180,179,396,'Club Brugge','Defender',22,8,4,4,14,6),(181,179,233,'Zenit','Midfielder',22,8,4,4,6,6),(182,179,404,'Young Boys','Defender',22,7,3,4,11,4),(183,179,401,'Dynamo Kyiv','Defender',22,6,2,4,9,5),(184,179,505,'Leipzig','Defender',22,5,2,3,8,4),(185,179,55,'Sporting CP','Midfielder',22,4,2,2,9,6),(186,179,128,'Barcelona','Defender',22,4,1,3,7,5),(187,179,198,'Salzburg','Midfielder',22,2,2,0,3,8),(188,179,90,'Club Brugge','Midfielder',22,1,0,1,3,6),(189,189,282,'Villarreal','Midfielder',21,12,7,5,3,6),(190,189,102,'Benfica','Forward',21,12,6,6,1,9),(191,189,276,'Young Boys','Defender',21,8,4,4,7,5),(192,189,59,'Liverpool','Midfielder',21,8,2,6,7,10),(193,189,86,'Milan','Defender',21,5,2,3,11,5),(194,189,118,'Atalanta','Defender',21,4,3,1,4,5),(195,189,370,'Shakhtar Donetsk','Defender',21,3,1,2,15,5),(196,189,440,'Milan','Midfielder',21,2,2,0,6,6),(197,189,573,'Porto','Forward',21,1,0,1,6,4),(198,198,44,'Atlético','Forward',20,14,6,8,5,9),(199,198,325,'Barcelona','Midfielder',20,9,4,5,2,6),(200,198,42,'Man. United','Defender',20,6,4,2,2,5),(201,198,24,'Man. City','Midfielder',20,6,1,5,3,12),(202,198,191,'Zenit','Midfielder',20,6,1,5,3,6),(203,198,69,'Dynamo Kyiv','Midfielder',20,5,1,4,6,6),(204,198,508,'Atlético','Midfielder',20,4,1,3,1,4),(205,205,124,'Real Madrid','Midfielder',19,17,9,8,6,10),(206,205,255,'Porto','Midfielder',19,13,7,6,5,6),(207,205,141,'Leipzig','Midfielder',19,11,2,9,1,6),(208,205,151,'Young Boys','Defender',19,9,4,5,7,6),(209,205,369,'Barcelona','Defender',19,8,6,2,9,5),(210,205,574,'Sevilla','Defender',19,8,6,2,4,5),(211,205,324,'LOSC','Midfielder',19,8,1,7,4,7),(212,205,275,'Zenit','Defender',19,6,4,2,18,5),(213,205,322,'LOSC','Forward',19,5,1,4,7,6),(214,205,305,'Man. City','Defender',19,3,3,0,19,6),(215,205,222,'Sporting CP','Defender',19,2,1,1,8,7),(216,205,504,'Zenit','Defender',19,1,1,0,19,4),(217,205,371,'Shakhtar Donetsk','Defender',19,1,1,0,13,5),(218,218,23,'Sheriff','Defender',18,8,3,5,18,6),(219,218,14,'Bayern','Forward',18,8,3,5,2,10),(220,218,501,'Paris','Midfielder',18,8,1,7,1,5),(221,218,8,'Benfica','Midfielder',18,6,2,4,2,8),(222,218,342,'Sevilla','Midfielder',18,6,2,4,2,6),(223,218,134,'Villarreal','Midfielder',18,4,1,3,9,10),(224,218,575,'Wolfsburg','Defender',18,3,2,1,23,4),(225,218,283,'Shakhtar Donetsk','Midfielder',18,2,1,1,3,6),(226,226,1,'Man. United','Midfielder',17,13,6,7,7,7),(227,226,63,'Man. City','Midfielder',17,9,4,5,1,8),(228,226,437,'LOSC','Midfielder',17,7,6,1,3,8),(229,226,496,'Wolfsburg','Defender',17,7,5,2,16,6),(230,226,62,'Sporting CP','Defender',17,7,3,4,5,8),(231,226,313,'Barcelona','Defender',17,6,2,4,2,4),(232,226,116,'Sheriff','Midfielder',17,5,0,5,8,6),(233,226,576,'Malmö','Defender',17,4,3,1,22,5),(234,226,35,'Chelsea','Midfielder',17,4,1,3,0,7),(235,226,40,'Salzburg','Midfielder',17,4,0,4,3,8),(236,226,469,'Wolfsburg','Midfielder',17,4,0,4,3,4),(237,226,197,'Chelsea','Defender',17,3,1,2,4,8),(238,226,115,'Bayern','Midfielder',17,2,1,1,1,8),(239,226,188,'Liverpool','Midfielder',17,2,1,1,1,7),(240,226,70,'Liverpool','Midfielder',17,1,1,0,4,6),(241,241,329,'Chelsea','Midfielder',16,12,5,7,1,6),(242,241,152,'Porto','Midfielder',16,8,3,5,4,6),(243,241,108,'Liverpool','Forward',16,8,3,5,2,13),(244,241,67,'Club Brugge','Forward',16,7,3,4,3,6),(245,241,577,'Malmö','Defender',16,4,3,1,1,3),(246,241,409,'Milan','Defender',16,4,2,2,18,3),(247,241,578,'Bayern','Midfielder',16,4,2,2,1,4),(248,241,30,'Beşiktaş','Midfielder',16,2,1,1,2,3),(249,241,579,'Beşiktaş','Defender',16,1,1,0,2,2),(250,250,520,'Leipzig','Midfielder',15,8,4,4,2,3),(251,250,580,'Benfica','Defender',15,6,2,4,8,5),(252,250,235,'Juventus','Midfielder',15,5,0,5,3,6),(253,250,420,'Paris','Midfielder',15,4,2,2,10,7),(254,250,184,'Leipzig','Midfielder',15,4,1,3,2,6),(255,250,170,'Milan','Midfielder',15,4,0,4,5,5),(256,250,581,'Wolfsburg','Defender',15,3,2,1,7,4),(257,250,172,'Bayern','Midfielder',15,3,2,1,2,4),(258,250,582,'Malmö','Midfielder',15,3,1,2,16,5),(259,250,476,'Juventus','Defender',15,2,1,1,4,4),(260,250,432,'Wolfsburg','Defender',15,1,1,0,10,3),(261,250,583,'Paris','Defender',15,1,0,1,10,2),(262,250,81,'Dortmund','Midfielder',15,1,0,1,7,6),(263,250,417,'Sevilla','Defender',15,0,0,0,5,4),(264,264,71,'Sheriff','Midfielder',14,12,6,6,16,6),(265,264,292,'Paris','Midfielder',14,12,5,7,5,7),(266,264,291,'Villarreal','Forward',14,10,4,6,0,7),(267,264,506,'Leipzig','Midfielder',14,8,5,3,1,4),(268,264,80,'Young Boys','Midfielder',14,8,4,4,3,6),(269,264,271,'Inter','Midfielder',14,8,2,6,2,6),(270,264,545,'Beşiktaş','Defender',14,7,3,4,5,3),(271,264,397,'Porto','Midfielder',14,7,2,5,6,6),(272,264,65,'Ajax','Forward',14,6,2,4,3,8),(273,264,219,'Club Brugge','Midfielder',14,5,3,2,2,6),(274,264,143,'Club Brugge','Defender',14,4,3,1,11,4),(275,264,75,'Atlético','Midfielder',14,4,3,1,4,8),(276,264,16,'Leipzig','Defender',14,3,2,1,5,5),(277,264,421,'Juventus','Midfielder',14,3,2,1,1,6),(278,264,452,'Barcelona','Defender',14,3,1,2,4,4),(279,264,46,'Real Madrid','Forward',14,2,1,1,3,11),(280,264,43,'Bayern','Forward',14,2,1,1,0,8),(281,264,17,'Bayern','Forward',14,2,0,2,4,9),(282,264,385,'Beşiktaş','Midfielder',14,1,1,0,3,3),(283,264,463,'Liverpool','Defender',14,0,0,0,5,7),(284,264,139,'Benfica','Forward',14,0,0,0,2,7),(285,285,178,'Inter','Forward',13,11,4,7,0,8),(286,285,242,'Inter','Midfielder',13,10,3,7,2,6),(287,285,335,'Villarreal','Midfielder',13,9,3,6,6,8),(288,285,212,'Benfica','Forward',13,7,5,2,2,9),(289,285,100,'Liverpool','Forward',13,7,2,5,1,11),(290,285,27,'Man. City','Midfielder',13,6,0,6,2,10),(291,285,173,'Ajax','Defender',13,5,2,3,2,3),(292,285,584,'Benfica','Midfielder',13,4,1,3,1,9),(293,285,78,'Zenit','Forward',13,3,2,1,2,6),(294,285,473,'Man. United','Defender',13,3,0,3,4,4),(295,285,135,'Real Madrid','Midfielder',13,2,0,2,6,8),(296,285,273,'Malmö','Midfielder',13,2,0,2,4,4),(297,285,488,'Man. United','Midfielder',13,1,1,0,6,8),(298,285,510,'Malmö','Defender',13,0,0,0,6,4),(299,285,481,'Young Boys','Defender',13,0,0,0,5,2),(300,300,297,'Malmö','Midfielder',12,11,4,7,2,5),(301,300,343,'Paris','Midfielder',12,9,6,3,5,6),(302,300,585,'Dynamo Kyiv','Defender',12,8,4,4,8,5),(303,300,468,'Sevilla','Defender',12,8,3,5,1,4),(304,300,72,'Paris','Forward',12,6,4,2,2,5),(305,300,384,'Barcelona','Midfielder',12,6,3,3,1,4),(306,300,216,'Atlético','Forward',12,5,3,2,0,10),(307,300,321,'Porto','Midfielder',12,4,0,4,1,6),(308,300,311,'LOSC','Midfielder',12,3,1,2,6,5),(309,300,99,'Sporting CP','Forward',12,3,0,3,4,8),(310,300,248,'Inter','Defender',12,2,2,0,7,7),(311,300,93,'Porto','Forward',12,2,0,2,7,6),(312,300,38,'Ajax','Forward',12,2,0,2,1,7),(313,300,31,'Leipzig','Forward',12,2,0,2,1,6),(314,300,586,'Beşiktaş','Defender',12,1,0,1,8,3),(315,300,373,'Club Brugge','Defender',12,0,0,0,11,4),(316,300,51,'Liverpool','Forward',12,0,0,0,0,13),(317,317,472,'Man. United','Midfielder',11,8,3,5,3,4),(318,317,296,'Sheriff','Midfielder',11,8,1,7,3,5),(319,317,256,'Club Brugge','Forward',11,7,1,6,4,5),(320,317,6,'Man. City','Midfielder',11,6,0,6,2,10),(321,317,587,'Club Brugge','Defender',11,5,3,2,2,5),(322,317,26,'Chelsea','Midfielder',11,5,2,3,1,9),(323,317,76,'Sevilla','Midfielder',11,5,1,4,1,5),(324,317,132,'Chelsea','Forward',11,4,2,2,2,8),(325,317,588,'Beşiktaş','Midfielder',11,4,2,2,0,5),(326,317,355,'Barcelona','Defender',11,3,3,0,0,4),(327,317,428,'Milan','Midfielder',11,3,2,1,1,4),(328,317,74,'Paris','Forward',11,3,1,2,0,6),(329,317,589,'Man. United','Defender',11,2,1,1,11,2),(330,317,590,'Barcelona','Defender',11,2,1,1,0,5),(331,317,85,'Man. City','Midfielder',11,2,0,2,0,7),(332,317,194,'LOSC','Forward',11,1,1,0,1,8),(333,317,391,'Atalanta','Midfielder',11,1,1,0,1,4),(334,317,33,'Dortmund','Midfielder',11,1,0,1,0,4),(335,317,414,'Wolfsburg','Midfielder',11,0,0,0,8,6),(336,317,183,'Juventus','Forward',11,0,0,0,7,7),(337,337,236,'Dynamo Kyiv','Midfielder',10,9,2,7,1,6),(338,337,105,'Ajax','Forward',10,8,2,6,5,8),(339,337,358,'Liverpool','Defender',10,6,2,4,1,3),(340,337,137,'Inter','Defender',10,6,1,5,4,7),(341,337,163,'Milan','Defender',10,5,3,2,1,5),(342,337,29,'Man. City','Midfielder',10,5,1,4,0,11),(343,337,34,'Sporting CP','Midfielder',10,4,3,1,1,5),(344,337,165,'Ajax','Defender',10,4,3,1,1,3),(345,337,187,'Benfica','Forward',10,4,2,2,7,10),(346,337,133,'Atalanta','Defender',10,4,0,4,3,6),(347,337,225,'Wolfsburg','Forward',10,3,2,1,3,5),(348,337,169,'Ajax','Midfielder',10,3,1,2,2,7),(349,337,350,'Sheriff','Midfielder',10,2,2,0,6,6),(350,337,451,'LOSC','Defender',10,2,2,0,4,4),(351,337,479,'Benfica','Defender',10,2,1,1,5,2),(352,337,301,'Dynamo Kyiv','Midfielder',10,2,1,1,3,6),(353,337,32,'Juventus','Midfielder',10,2,1,1,2,5),(354,337,82,'Shakhtar Donetsk','Midfielder',10,2,0,2,1,4),(355,337,158,'Dortmund','Defender',10,2,0,2,0,4),(356,337,262,'Young Boys','Midfielder',10,1,0,1,7,5),(357,337,356,'Zenit','Midfielder',10,1,0,1,5,4),(358,337,9,'Paris','Forward',10,1,0,1,2,8),(359,337,474,'Dynamo Kyiv','Defender',10,1,0,1,1,4),(360,337,204,'Young Boys','Forward',10,1,0,1,0,6),(361,337,460,'Sheriff','Midfielder',10,1,0,1,0,6),(362,337,591,'Beşiktaş','Defender',10,0,0,0,3,2),(363,337,261,'Man. United','Midfielder',10,0,0,0,2,7),(364,364,592,'Bayern','Defender',9,8,2,6,1,4),(365,364,244,'Sporting CP','Forward',9,6,3,3,1,8),(366,364,593,'Liverpool','Midfielder',9,5,4,1,2,2),(367,364,416,'Man. United','Midfielder',9,5,3,2,4,6),(368,364,544,'Sevilla','Midfielder',9,4,2,2,3,4),(369,364,98,'Liverpool','Midfielder',9,4,1,3,1,13),(370,364,594,'Porto','Forward',9,4,0,4,5,4),(371,364,97,'Villarreal','Defender',9,3,1,2,5,5),(372,364,595,'Dortmund','Defender',9,2,2,0,2,5),(373,364,144,'Zenit','Defender',9,2,1,1,5,4),(374,364,315,'Man. United','Defender',9,2,0,2,10,3),(375,364,10,'Villarreal','Forward',9,2,0,2,5,7),(376,364,596,'Chelsea','Defender',9,1,1,0,7,2),(377,364,94,'Sevilla','Midfielder',9,1,0,1,2,6),(378,364,77,'Club Brugge','Forward',9,1,0,1,1,6),(379,364,174,'Shakhtar Donetsk','Defender',9,0,0,0,11,3),(380,364,528,'Beşiktaş','Defender',9,0,0,0,6,1),(381,364,518,'Benfica','Midfielder',9,0,0,0,3,3),(382,364,221,'Young Boys','Midfielder',9,0,0,0,2,3),(383,364,531,'Shakhtar Donetsk','Defender',9,0,0,0,2,1),(384,364,52,'LOSC','Midfielder',9,0,0,0,1,5),(385,385,597,'Leipzig','Midfielder',8,8,5,3,2,5),(386,385,223,'Beşiktaş','Midfielder',8,7,1,6,0,5),(387,385,130,'Malmö','Midfielder',8,6,3,3,2,6),(388,385,243,'Villarreal','Midfielder',8,6,1,5,4,9),(389,385,514,'Young Boys','Defender',8,5,5,0,8,3),(390,385,598,'Ajax','Defender',8,5,2,3,1,5),(391,385,290,'Dynamo Kyiv','Midfielder',8,5,2,3,1,5),(392,385,263,'Chelsea','Midfielder',8,4,4,0,5,5),(393,385,512,'Shakhtar Donetsk','Midfielder',8,4,1,3,3,4),(394,385,541,'Shakhtar Donetsk','Midfielder',8,4,1,3,1,5),(395,385,129,'Salzburg','Forward',8,4,1,3,0,8),(396,385,336,'Villarreal','Defender',8,4,0,4,6,7),(397,385,49,'Leipzig','Forward',8,3,0,3,1,6),(398,385,521,'Barcelona','Midfielder',8,2,0,2,0,2),(399,385,464,'Malmö','Defender',8,1,0,1,17,6),(400,385,249,'Atlético','Forward',8,1,0,1,8,7),(401,385,453,'Dortmund','Defender',8,1,0,1,2,3),(402,385,279,'Sevilla','Forward',8,1,0,1,1,5),(403,385,53,'Chelsea','Forward',8,0,0,0,0,5),(404,404,599,'Sporting CP','Midfielder',7,7,3,4,1,4),(405,404,218,'Beşiktaş','Forward',7,7,2,5,4,5),(406,404,339,'Sevilla','Midfielder',7,6,2,4,1,4),(407,404,214,'Wolfsburg','Forward',7,5,2,3,3,5),(408,404,73,'Atalanta','Midfielder',7,4,1,3,3,5),(409,404,21,'Bayern','Forward',7,4,0,4,0,10),(410,404,600,'Atlético','Defender',7,3,3,0,1,3),(411,404,286,'Shakhtar Donetsk','Midfielder',7,3,1,2,3,6),(412,404,434,'Inter','Defender',7,3,1,2,0,3),(413,404,179,'Chelsea','Midfielder',7,3,0,3,6,9),(414,404,126,'Zenit','Forward',7,3,0,3,4,5),(415,404,50,'Man. City','Forward',7,3,0,3,0,12),(416,404,461,'Beşiktaş','Forward',7,2,2,0,1,5),(417,404,352,'Sporting CP','Midfielder',7,2,2,0,0,5),(418,404,519,'Beşiktaş','Midfielder',7,2,2,0,0,3),(419,404,180,'Paris','Forward',7,2,1,1,1,7),(420,404,601,'Milan','Defender',7,2,1,1,1,2),(421,404,89,'Juventus','Forward',7,2,1,1,0,5),(422,404,47,'Chelsea','Midfielder',7,2,0,2,0,5),(423,404,155,'Atalanta','Midfielder',7,1,1,0,2,5),(424,404,347,'Chelsea','Defender',7,1,0,1,4,3),(425,404,281,'Bayern','Midfielder',7,1,0,1,0,5),(426,404,602,'Dortmund','Defender',7,0,0,0,3,2),(427,404,539,'Zenit','Defender',7,0,0,0,0,6),(428,428,300,'Salzburg','Forward',6,8,2,6,0,8),(429,428,103,'Milan','Forward',6,5,1,4,3,4),(430,428,267,'Wolfsburg','Midfielder',6,3,2,1,6,5),(431,428,101,'Man. City','Forward',6,3,2,1,1,8),(432,428,131,'Milan','Midfielder',6,2,2,0,1,5),(433,428,402,'Benfica','Midfielder',6,2,1,1,4,5),(434,428,195,'Shakhtar Donetsk','Midfielder',6,2,0,2,1,5),(435,428,426,'Liverpool','Forward',6,2,0,2,0,4),(436,428,431,'Dortmund','Forward',6,2,0,2,0,3),(437,428,87,'Real Madrid','Forward',6,1,1,0,10,12),(438,428,603,'Malmö','Midfielder',6,1,1,0,2,2),(439,428,604,'Bayern','Defender',6,1,0,1,1,4),(440,428,217,'Shakhtar Donetsk','Forward',6,1,0,1,0,6),(441,428,605,'Dynamo Kyiv','Midfielder',6,1,0,1,0,2),(442,428,606,'Porto','Defender',6,0,0,0,14,2),(443,428,111,'Inter','Forward',6,0,0,0,5,7),(444,428,245,'Salzburg','Forward',6,0,0,0,1,6),(445,428,54,'Liverpool','Midfielder',6,0,0,0,1,4),(446,428,199,'Dortmund','Forward',6,0,0,0,0,6),(447,428,241,'Shakhtar Donetsk','Midfielder',6,0,0,0,0,5),(448,448,84,'Liverpool','Midfielder',5,6,3,3,6,8),(449,448,92,'Atlético','Forward',5,6,1,5,7,8),(450,448,607,'Beşiktaş','Midfielder',5,4,2,2,3,3),(451,448,287,'Paris','Midfielder',5,4,0,4,1,5),(452,448,142,'Villarreal','Midfielder',5,3,2,1,4,6),(453,448,381,'Wolfsburg','Forward',5,3,2,1,0,6),(454,448,182,'Man. United','Forward',5,3,1,2,6,7),(455,448,171,'Wolfsburg','Midfielder',5,2,2,0,0,5),(456,448,354,'Sheriff','Midfielder',5,2,2,0,0,5),(457,448,341,'Atalanta','Midfielder',5,2,1,1,2,2),(458,448,455,'Paris','Forward',5,2,1,1,1,3),(459,448,608,'Dynamo Kyiv','Midfielder',5,2,1,1,0,2),(460,448,123,'LOSC','Midfielder',5,2,0,2,1,4),(461,448,609,'Sevilla','Defender',5,2,0,2,0,3),(462,448,284,'LOSC','Forward',5,1,1,0,3,5),(463,448,610,'Liverpool','Defender',5,1,1,0,3,2),(464,448,294,'Beşiktaş','Midfielder',5,1,1,0,0,4),(465,448,611,'Juventus','Defender',5,1,1,0,0,2),(466,448,612,'Club Brugge','Defender',5,1,0,1,5,3),(467,448,390,'Zenit','Midfielder',5,1,0,1,3,4),(468,448,334,'Villarreal','Midfielder',5,1,0,1,2,9),(469,448,206,'Young Boys','Forward',5,1,0,1,2,6),(470,448,613,'Paris','Defender',5,1,0,1,2,4),(471,448,230,'Chelsea','Defender',5,1,0,1,1,4),(472,448,149,'Liverpool','Forward',5,1,0,1,0,7),(473,448,614,'Sevilla','Defender',5,1,0,1,0,4),(474,448,192,'Dortmund','Forward',5,0,0,0,4,3),(475,448,615,'Atalanta','Defender',5,0,0,0,3,1),(476,448,616,'Malmö','Midfielder',5,0,0,0,1,5),(477,448,340,'Sheriff','Forward',5,0,0,0,1,3),(478,448,408,'Inter','Defender',5,0,0,0,1,3),(479,479,344,'Malmö','Midfielder',4,6,3,3,1,6),(480,479,312,'Porto','Forward',4,6,2,4,3,4),(481,479,200,'Atalanta','Midfielder',4,6,2,4,2,5),(482,479,507,'Porto','Defender',4,6,2,4,2,4),(483,479,107,'Inter','Forward',4,6,2,4,0,6),(484,479,348,'Malmö','Midfielder',4,4,2,2,8,3),(485,479,516,'Young Boys','Defender',4,2,2,0,1,3),(486,479,617,'Benfica','Midfielder',4,2,1,1,4,6),(487,479,260,'Milan','Forward',4,2,1,1,3,5),(488,479,456,'Barcelona','Midfielder',4,2,1,1,3,3),(489,479,383,'Dynamo Kyiv','Midfielder',4,2,1,1,0,3),(490,479,240,'Malmö','Forward',4,2,0,2,2,6),(491,479,207,'Beşiktaş','Forward',4,2,0,2,2,5),(492,479,379,'Dortmund','Midfielder',4,2,0,2,1,3),(493,479,210,'Shakhtar Donetsk','Midfielder',4,2,0,2,0,4),(494,479,337,'Shakhtar Donetsk','Midfielder',4,1,1,0,1,6),(495,479,425,'Beşiktaş','Midfielder',4,1,1,0,0,4),(496,479,410,'Man. United','Midfielder',4,1,1,0,0,3),(497,479,112,'Zenit','Forward',4,1,0,1,8,6),(498,479,382,'Dynamo Kyiv','Defender',4,1,0,1,4,6),(499,479,189,'Juventus','Forward',4,1,0,1,1,4),(500,479,400,'Zenit','Midfielder',4,1,0,1,0,5),(501,479,226,'Sevilla','Forward',4,1,0,1,0,4),(502,479,374,'Milan','Defender',4,0,0,0,6,4),(503,479,457,'Real Madrid','Defender',4,0,0,0,3,3),(504,479,293,'Leipzig','Midfielder',4,0,0,0,2,4),(505,479,475,'Sevilla','Midfielder',4,0,0,0,0,4),(506,479,418,'Man. United','Midfielder',4,0,0,0,0,1),(507,507,353,'Dortmund','Midfielder',3,5,0,5,3,5),(508,507,91,'Sporting CP','Midfielder',3,5,0,5,2,4),(509,507,232,'Salzburg','Midfielder',3,5,0,5,0,6),(510,507,79,'Club Brugge','Midfielder',3,4,2,2,1,4),(511,507,298,'Sheriff','Forward',3,4,0,4,1,3),(512,507,117,'Chelsea','Midfielder',3,3,1,2,0,7),(513,507,157,'Leipzig','Forward',3,3,0,3,4,4),(514,507,330,'Zenit','Midfielder',3,3,0,3,1,6),(515,507,533,'Young Boys','Defender',3,2,2,0,4,1),(516,507,268,'Villarreal','Forward',3,2,2,0,3,8),(517,507,450,'Inter','Defender',3,2,1,1,2,5),(518,507,618,'Milan','Forward',3,2,1,1,0,3),(519,507,619,'Sheriff','Defender',3,1,1,0,4,3),(520,507,429,'Leipzig','Defender',3,1,1,0,3,4),(521,507,444,'Bayern','Defender',3,1,1,0,1,5),(522,507,209,'Man. United','Forward',3,1,1,0,0,5),(523,507,478,'Milan','Forward',3,1,1,0,0,2),(524,507,522,'Sporting CP','Defender',3,1,1,0,0,2),(525,507,620,'Shakhtar Donetsk','Defender',3,1,0,1,10,1),(526,507,41,'Villarreal','Midfielder',3,1,0,1,5,11),(527,507,39,'Real Madrid','Forward',3,1,0,1,1,8),(528,507,525,'Shakhtar Donetsk','Defender',3,1,0,1,1,2),(529,507,621,'Man. City','Defender',3,1,0,1,1,1),(530,507,622,'Club Brugge','Defender',3,1,0,1,0,3),(531,507,454,'Milan','Defender',3,1,0,1,0,3),(532,507,527,'Porto','Defender',3,0,0,0,9,2),(533,507,549,'Dortmund','Midfielder',3,0,0,0,6,2),(534,507,162,'Sevilla','Forward',3,0,0,0,3,6),(535,507,623,'Salzburg','Defender',3,0,0,0,3,2),(536,507,624,'Inter','Midfielder',3,0,0,0,2,4),(537,507,106,'Man. United','Forward',3,0,0,0,1,4),(538,507,625,'Beşiktaş','Midfielder',3,0,0,0,1,4),(539,507,289,'Man. United','Forward',3,0,0,0,1,3),(540,507,246,'Ajax','Forward',3,0,0,0,0,5),(541,507,513,'Dynamo Kyiv','Midfielder',3,0,0,0,0,3),(542,507,359,'Chelsea','Midfielder',3,0,0,0,0,3),(543,543,186,'Benfica','Forward',2,5,2,3,2,10),(544,543,306,'Sporting CP','Forward',2,5,1,4,0,5),(545,543,258,'Barcelona','Forward',2,4,2,2,0,6),(546,543,88,'Atalanta','Midfielder',2,4,1,3,0,4),(547,543,626,'Inter','Midfielder',2,3,2,1,2,5),(548,543,424,'Malmö','Forward',2,2,2,0,2,4),(549,543,20,'Atalanta','Forward',2,2,1,1,3,6),(550,543,627,'Real Madrid','Midfielder',2,2,1,1,1,5),(551,543,628,'Villarreal','Defender',2,2,1,1,1,2),(552,543,629,'Salzburg','Midfielder',2,2,1,1,0,1),(553,543,331,'Atlético','Forward',2,2,0,2,1,5),(554,543,435,'Shakhtar Donetsk','Midfielder',2,2,0,2,0,2),(555,543,630,'Leipzig','Forward',2,1,1,0,1,5),(556,543,466,'Juventus','Midfielder',2,1,1,0,1,5),(557,543,554,'Beşiktaş','Midfielder',2,1,1,0,1,1),(558,543,201,'Chelsea','Forward',2,1,1,0,0,6),(559,543,319,'Barcelona','Forward',2,1,1,0,0,3),(560,543,159,'Atalanta','Forward',2,1,1,0,0,2),(561,543,631,'LOSC','Forward',2,1,0,1,1,7),(562,543,551,'Sporting CP','Defender',2,1,0,1,1,1),(563,543,316,'Barcelona','Forward',2,1,0,1,0,3),(564,543,153,'Porto','Midfielder',2,1,0,1,0,2),(565,543,532,'Sevilla','Midfielder',2,1,0,1,0,1),(566,543,632,'Dynamo Kyiv','Defender',2,0,0,0,5,1),(567,543,406,'Atalanta','Defender',2,0,0,0,3,3),(568,543,633,'Real Madrid','Defender',2,0,0,0,2,2),(569,543,213,'Juventus','Forward',2,0,0,0,1,6),(570,543,176,'Salzburg','Defender',2,0,0,0,1,2),(571,543,392,'Man. City','Midfielder',2,0,0,0,0,3),(572,543,634,'Sporting CP','Forward',2,0,0,0,0,3),(573,543,299,'Villarreal','Forward',2,0,0,0,0,3),(574,543,363,'Shakhtar Donetsk','Midfielder',2,0,0,0,0,2),(575,543,635,'Dortmund','Defender',2,0,0,0,0,2),(576,543,636,'Villarreal','Midfielder',2,0,0,0,0,1),(577,543,484,'Zenit','Midfielder',2,0,0,0,0,1),(578,578,515,'Dortmund','Midfielder',1,4,2,2,0,3),(579,578,462,'Leipzig','Midfielder',1,4,2,2,0,3),(580,578,637,'Dynamo Kyiv','Forward',1,3,1,2,0,2),(581,578,393,'Milan','Forward',1,2,0,2,4,2),(582,578,638,'Atalanta','Defender',1,2,0,2,2,1),(583,578,542,'Young Boys','Forward',1,2,0,2,1,4),(584,578,639,'Man. United','Defender',1,1,1,0,4,1),(585,578,640,'Leipzig','Midfielder',1,1,1,0,2,1),(586,578,526,'Wolfsburg','Forward',1,1,1,0,0,2),(587,578,641,'Salzburg','Defender',1,1,1,0,0,1),(588,578,642,'Man. City','Midfielder',1,1,1,0,0,1),(589,578,643,'Dynamo Kyiv','Forward',1,1,0,1,2,2),(590,578,433,'Wolfsburg','Forward',1,1,0,1,1,3),(591,578,644,'Sheriff','Midfielder',1,1,0,1,1,2),(592,578,645,'LOSC','Defender',1,1,0,1,1,1),(593,578,540,'Porto','Forward',1,1,0,1,0,6),(594,578,470,'Salzburg','Midfielder',1,1,0,1,0,4),(595,578,285,'Sevilla','Forward',1,1,0,1,0,4),(596,578,646,'Ajax','Midfielder',1,1,0,1,0,3),(597,578,647,'Beşiktaş','Midfielder',1,1,0,1,0,2),(598,578,530,'Real Madrid','Defender',1,1,0,1,0,1),(599,578,648,'Barcelona','Midfielder',1,1,0,1,0,1),(600,578,649,'Benfica','Midfielder',1,0,0,0,3,5),(601,578,224,'Atlético','Forward',1,0,0,0,2,7),(602,578,156,'Man. United','Midfielder',1,0,0,0,2,4),(603,578,650,'Villarreal','Defender',1,0,0,0,2,2),(604,578,308,'Ajax','Forward',1,0,0,0,1,2),(605,578,543,'LOSC','Midfielder',1,0,0,0,0,4),(606,578,314,'Barcelona','Forward',1,0,0,0,0,4),(607,578,651,'Porto','Forward',1,0,0,0,0,3),(608,578,405,'Barcelona','Midfielder',1,0,0,0,0,3),(609,578,477,'Sheriff','Defender',1,0,0,0,0,3),(610,578,317,'Real Madrid','Forward',1,0,0,0,0,3),(611,578,251,'Barcelona','Forward',1,0,0,0,0,3),(612,578,333,'Real Madrid','Forward',1,0,0,0,0,3),(613,578,652,'Zenit','Midfielder',1,0,0,0,0,2),(614,578,524,'Ajax','Midfielder',1,0,0,0,0,2),(615,578,653,'Wolfsburg','Midfielder',1,0,0,0,0,2),(616,578,138,'Leipzig','Forward',1,0,0,0,0,2),(617,578,654,'Sporting CP','Midfielder',1,0,0,0,0,1),(618,578,550,'Zenit','Forward',1,0,0,0,0,1),(619,578,655,'Juventus','Midfielder',1,0,0,0,0,1),(620,578,459,'Dortmund','Forward',1,0,0,0,0,1),(621,578,656,'Man. City','Forward',1,0,0,0,0,1),(622,578,657,'Man. United','Midfielder',1,0,0,0,0,1),(623,578,529,'Young Boys','Midfielder',1,0,0,0,0,1),(624,578,658,'LOSC','Midfielder',1,0,0,0,0,1),(625,578,659,'Young Boys','Defender',1,0,0,0,0,1),(626,578,660,'Juventus','Midfielder',1,0,0,0,0,1),(627,578,483,'Sporting CP','Forward',1,0,0,0,0,1);
/*!40000 ALTER TABLE `defending` ENABLE KEYS */;
UNLOCK TABLES;

--
-- Table structure for table `disciplinary`
--

DROP TABLE IF EXISTS `disciplinary`;
/*!40101 SET @saved_cs_client     = @@character_set_client */;
/*!50503 SET character_set_client = utf8mb4 */;
CREATE TABLE `disciplinary` (
  `ID` int NOT NULL AUTO_INCREMENT,
  `ranking` int DEFAULT NULL,
  `player_ID` int DEFAULT NULL,
  `club` varchar(255) DEFAULT NULL,
  `position` varchar(50) DEFAULT NULL,
  `fouls_committed` int DEFAULT NULL,
  `fouls_suffered` int DEFAULT NULL,
  `red` int DEFAULT NULL,
  `yellow` int DEFAULT NULL,
  `minutes_played` int DEFAULT NULL,
  `match_played` int DEFAULT NULL,
  PRIMARY KEY (`ID`),
  KEY `fk_disciplinary` (`player_ID`),
  CONSTRAINT `fk_disciplinary` FOREIGN KEY (`player_ID`) REFERENCES `players` (`ID`)
) ENGINE=InnoDB AUTO_INCREMENT=1024 DEFAULT CHARSET=utf8mb4 COLLATE=utf8mb4_0900_ai_ci;
/*!40101 SET character_set_client = @saved_cs_client */;

--
-- Dumping data for table `disciplinary`
--

LOCK TABLES `disciplinary` WRITE;
/*!40000 ALTER TABLE `disciplinary` DISABLE KEYS */;
INSERT INTO `disciplinary` VALUES (1,1,309,'Sporting CP','Midfielder',23,17,2,0,534,6),(2,2,11,'Villarreal','Midfielder',19,17,3,1,1046,12),(3,2,257,'Man. City','Midfielder',19,4,2,0,842,10),(4,2,64,'Salzburg','Midfielder',19,3,2,0,649,8),(5,5,561,'Club Brugge','Midfielder',18,3,4,0,407,5),(6,6,208,'Real Madrid','Midfielder',17,18,3,0,914,11),(7,6,211,'Real Madrid','Defender',17,16,4,0,1076,12),(8,6,303,'Benfica','Defender',17,11,2,0,810,9),(9,6,66,'Ajax','Midfielder',17,11,1,0,703,8),(10,6,105,'Ajax','Forward',17,11,1,0,668,8),(11,6,237,'Ajax','Midfielder',17,6,4,0,558,7),(12,12,98,'Liverpool','Midfielder',16,19,2,0,822,13),(13,12,361,'Benfica','Defender',16,13,1,0,715,9),(14,12,177,'Porto','Forward',16,10,1,0,908,13),(15,12,325,'Barcelona','Midfielder',16,7,2,0,398,6),(16,16,558,'Atlético','Defender',15,15,2,0,816,10),(17,16,535,'Salzburg','Midfielder',15,8,3,0,281,7),(18,16,59,'Liverpool','Midfielder',15,7,0,0,487,10),(19,16,119,'Real Madrid','Defender',15,6,3,0,959,11),(20,20,365,'Salzburg','Midfielder',14,23,2,0,672,8),(21,20,274,'Liverpool','Midfielder',14,11,1,0,849,13),(22,20,50,'Man. City','Forward',14,10,1,0,581,12),(23,20,45,'Atlético','Defender',14,6,0,0,478,10),(24,20,491,'Sheriff','Midfielder',14,4,3,0,491,6),(25,20,110,'Salzburg','Defender',14,4,1,0,720,8),(26,26,2,'Real Madrid','Forward',13,24,1,0,1199,13),(27,26,8,'Benfica','Midfielder',13,13,2,0,493,8),(28,26,394,'Atlético','Midfielder',13,10,3,0,700,9),(29,26,26,'Chelsea','Midfielder',13,8,2,0,446,9),(30,26,269,'Salzburg','Defender',13,2,2,0,716,8),(31,31,190,'Atlético','Midfielder',12,13,2,0,577,9),(32,31,179,'Chelsea','Midfielder',12,9,1,0,672,9),(33,31,255,'Porto','Midfielder',12,8,1,0,450,6),(34,31,137,'Inter','Defender',12,7,1,0,467,7),(35,31,344,'Malmö','Midfielder',12,6,1,0,273,6),(36,31,574,'Sevilla','Defender',12,6,0,0,379,5),(37,31,84,'Liverpool','Midfielder',12,4,3,0,211,8),(38,31,403,'Atlético','Defender',12,2,1,0,304,5),(39,31,140,'Chelsea','Midfielder',12,2,0,0,427,6),(40,40,236,'Dynamo Kyiv','Midfielder',11,15,2,0,325,6),(41,40,21,'Bayern','Forward',11,13,1,0,876,10),(42,40,38,'Ajax','Forward',11,9,0,0,630,7),(43,40,486,'Inter','Defender',11,8,2,0,666,8),(44,40,197,'Chelsea','Defender',11,7,1,0,548,8),(45,40,240,'Malmö','Forward',11,7,1,0,500,6),(46,40,495,'Malmö','Midfielder',11,7,1,0,496,6),(47,40,100,'Liverpool','Forward',11,6,2,0,578,11),(48,40,254,'Bayern','Defender',11,6,2,0,572,8),(49,40,141,'Leipzig','Midfielder',11,5,0,0,405,6),(50,40,22,'Man. City','Defender',11,4,3,0,840,9),(51,40,202,'Chelsea','Defender',11,3,2,0,840,9),(52,40,247,'Liverpool','Defender',11,3,1,0,720,8),(53,40,14,'Bayern','Forward',11,3,0,0,778,10),(54,40,503,'Wolfsburg','Midfielder',11,2,4,1,429,5),(55,55,95,'Young Boys','Midfielder',10,13,2,0,532,6),(56,55,15,'Wolfsburg','Midfielder',10,9,3,0,540,6),(57,55,216,'Atlético','Forward',10,8,2,0,401,10),(58,55,184,'Leipzig','Midfielder',10,8,0,0,531,6),(59,55,292,'Paris','Midfielder',10,7,1,0,400,7),(60,55,419,'Ajax','Midfielder',10,6,3,0,570,8),(61,55,225,'Wolfsburg','Forward',10,6,2,0,398,5),(62,55,61,'Inter','Midfielder',10,6,1,0,409,7),(63,55,18,'Man. City','Midfielder',10,6,0,0,878,11),(64,55,35,'Chelsea','Midfielder',10,6,0,0,538,7),(65,55,438,'Bayern','Defender',10,5,3,0,660,8),(66,55,411,'Benfica','Midfielder',10,5,2,0,810,9),(67,55,342,'Sevilla','Midfielder',10,4,2,1,327,6),(68,55,60,'Liverpool','Midfielder',10,4,0,0,666,12),(69,55,300,'Salzburg','Forward',10,2,0,0,231,8),(70,55,442,'Atalanta','Midfielder',10,1,2,0,484,6),(71,71,129,'Salzburg','Forward',9,18,2,0,607,8),(72,71,85,'Man. City','Midfielder',9,17,0,0,461,7),(73,71,312,'Porto','Forward',9,15,0,0,313,4),(74,71,443,'Barcelona','Midfielder',9,14,1,0,487,6),(75,71,278,'LOSC','Midfielder',9,10,3,0,630,7),(76,71,6,'Man. City','Midfielder',9,9,2,0,734,10),(77,71,57,'Ajax','Defender',9,8,1,0,661,8),(78,71,48,'Chelsea','Midfielder',9,8,0,0,561,8),(79,71,150,'Leipzig','Defender',9,8,0,0,484,6),(80,71,311,'LOSC','Midfielder',9,8,0,0,407,5),(81,71,327,'Villarreal','Defender',9,7,1,0,891,10),(82,71,170,'Milan','Midfielder',9,6,2,1,321,5),(83,71,436,'Villarreal','Defender',9,6,1,0,1045,12),(84,71,93,'Porto','Forward',9,6,1,0,494,6),(85,71,335,'Villarreal','Midfielder',9,4,2,1,463,8),(86,71,152,'Porto','Midfielder',9,4,1,0,320,6),(87,71,113,'Bayern','Defender',9,4,0,0,764,10),(88,71,101,'Man. City','Forward',9,3,3,0,352,8),(89,71,147,'Chelsea','Defender',9,3,1,0,679,9),(90,71,276,'Young Boys','Defender',9,2,1,0,435,5),(91,71,277,'Real Madrid','Defender',9,1,1,0,1040,12),(92,71,441,'Atlético','Defender',9,1,1,0,425,6),(93,71,151,'Young Boys','Defender',9,1,1,0,386,6),(94,94,19,'Dortmund','Midfielder',8,17,1,0,503,6),(95,94,282,'Villarreal','Midfielder',8,15,3,0,524,6),(96,94,102,'Benfica','Forward',8,14,2,0,704,9),(97,94,631,'LOSC','Forward',8,11,2,0,529,7),(98,94,214,'Wolfsburg','Forward',8,9,3,0,322,5),(99,94,250,'Juventus','Defender',8,9,0,0,553,7),(100,94,49,'Leipzig','Forward',8,8,0,0,410,6),(101,94,116,'Sheriff','Midfielder',8,7,0,0,530,6),(102,94,469,'Wolfsburg','Midfielder',8,7,0,0,337,4),(103,94,568,'Paris','Defender',8,6,3,0,630,7),(104,94,139,'Benfica','Forward',8,6,2,0,369,7),(105,94,399,'Barcelona','Defender',8,3,2,0,393,5),(106,94,328,'Leipzig','Defender',8,3,0,0,334,6),(107,107,193,'Real Madrid','Midfielder',7,18,0,0,902,12),(108,107,322,'LOSC','Forward',7,11,3,0,468,6),(109,107,218,'Beşiktaş','Forward',7,11,3,0,354,5),(110,107,83,'Atlético','Midfielder',7,11,1,0,665,9),(111,107,396,'Club Brugge','Defender',7,10,1,0,528,6),(112,107,178,'Inter','Forward',7,9,1,0,587,8),(113,107,234,'Dynamo Kyiv','Midfielder',7,8,1,0,486,6),(114,107,191,'Zenit','Midfielder',7,8,1,0,460,6),(115,107,415,'Milan','Midfielder',7,8,1,0,376,6),(116,107,599,'Sporting CP','Midfielder',7,8,1,0,205,4),(117,107,58,'Real Madrid','Defender',7,7,3,0,867,10),(118,107,291,'Villarreal','Forward',7,7,3,0,431,7),(119,107,485,'Real Madrid','Defender',7,7,2,0,574,9),(120,107,148,'Ajax','Defender',7,7,1,0,720,8),(121,107,318,'Milan','Midfielder',7,7,1,0,444,6),(122,107,416,'Man. United','Midfielder',7,7,0,0,347,6),(123,107,20,'Atalanta','Forward',7,6,1,0,464,6),(124,107,501,'Paris','Midfielder',7,5,3,0,315,5),(125,107,42,'Man. United','Defender',7,5,2,0,397,5),(126,107,231,'Juventus','Midfielder',7,5,1,0,539,7),(127,107,350,'Sheriff','Midfielder',7,5,0,0,312,6),(128,107,338,'Milan','Defender',7,4,2,0,418,5),(129,107,272,'Young Boys','Midfielder',7,4,1,0,420,5),(130,107,310,'Man. United','Midfielder',7,4,1,0,400,5),(131,107,161,'Chelsea','Defender',7,4,0,0,603,8),(132,107,56,'Bayern','Midfielder',7,4,0,0,477,7),(133,107,185,'Bayern','Midfielder',7,4,0,0,466,6),(134,107,376,'Beşiktaş','Midfielder',7,3,3,1,442,5),(135,107,534,'Villarreal','Defender',7,3,2,0,645,10),(136,107,496,'Wolfsburg','Defender',7,3,2,0,328,6),(137,107,62,'Sporting CP','Defender',7,3,1,0,380,8),(138,107,227,'Salzburg','Defender',7,3,0,0,573,7),(139,107,206,'Young Boys','Forward',7,3,0,0,341,6),(140,107,490,'Atlético','Defender',7,2,3,2,472,7),(141,107,560,'Club Brugge','Defender',7,2,1,0,484,6),(142,107,275,'Zenit','Defender',7,1,2,1,444,5),(143,107,507,'Porto','Defender',7,1,1,1,131,4),(144,107,590,'Barcelona','Defender',7,1,0,0,219,5),(145,107,512,'Shakhtar Donetsk','Midfielder',7,0,0,0,225,4),(146,146,24,'Man. City','Midfielder',6,20,1,0,986,12),(147,146,17,'Bayern','Forward',6,16,1,0,632,9),(148,146,222,'Sporting CP','Defender',6,12,2,0,529,7),(149,146,133,'Atalanta','Defender',6,11,1,0,405,6),(150,146,136,'Atalanta','Midfielder',6,11,0,0,526,6),(151,146,217,'Shakhtar Donetsk','Forward',6,10,0,0,373,6),(152,146,538,'Zenit','Midfielder',6,9,1,0,540,6),(153,146,212,'Benfica','Forward',6,9,0,0,543,9),(154,146,200,'Atalanta','Midfielder',6,9,0,0,301,5),(155,146,439,'Sheriff','Defender',6,8,2,0,540,6),(156,146,323,'Sporting CP','Defender',6,8,0,0,611,8),(157,146,187,'Benfica','Forward',6,7,1,0,613,10),(158,146,41,'Villarreal','Midfielder',6,7,0,0,906,11),(159,146,295,'Man. United','Defender',6,7,0,0,534,6),(160,146,559,'Sevilla','Midfielder',6,6,1,0,540,6),(161,146,204,'Young Boys','Forward',6,6,1,0,489,6),(162,146,82,'Shakhtar Donetsk','Midfielder',6,6,0,0,268,4),(163,146,375,'LOSC','Defender',6,5,3,0,720,8),(164,146,324,'LOSC','Midfielder',6,5,3,0,435,7),(165,146,167,'Chelsea','Defender',6,5,1,0,757,9),(166,146,343,'Paris','Midfielder',6,5,1,0,326,6),(167,146,199,'Dortmund','Forward',6,5,0,0,392,6),(168,146,228,'Juventus','Midfielder',6,4,2,0,536,7),(169,146,68,'Young Boys','Midfielder',6,4,2,0,504,6),(170,146,44,'Atlético','Forward',6,4,0,1,518,9),(171,146,329,'Chelsea','Midfielder',6,4,0,0,426,6),(172,146,31,'Leipzig','Forward',6,4,0,0,385,6),(173,146,424,'Malmö','Forward',6,4,0,0,116,4),(174,146,420,'Paris','Midfielder',6,3,2,0,362,7),(175,146,505,'Leipzig','Defender',6,3,2,0,297,4),(176,146,122,'LOSC','Defender',6,3,1,0,591,7),(177,146,207,'Beşiktaş','Forward',6,3,1,0,383,5),(178,146,195,'Shakhtar Donetsk','Midfielder',6,3,1,0,350,5),(179,146,76,'Sevilla','Midfielder',6,3,1,0,276,5),(180,146,384,'Barcelona','Midfielder',6,3,1,0,247,4),(181,146,331,'Atlético','Forward',6,3,0,0,142,5),(182,146,52,'LOSC','Midfielder',6,2,4,0,297,5),(183,146,597,'Leipzig','Midfielder',6,2,4,0,292,5),(184,146,508,'Atlético','Midfielder',6,2,2,0,226,4),(185,146,578,'Bayern','Midfielder',6,2,1,0,212,4),(186,146,334,'Villarreal','Midfielder',6,2,0,0,273,9),(187,146,319,'Barcelona','Forward',6,2,0,0,154,3),(188,146,452,'Barcelona','Defender',6,1,3,1,247,4),(189,146,378,'Porto','Midfielder',6,1,3,0,289,4),(190,146,372,'Dortmund','Defender',6,1,1,1,358,5),(191,146,565,'Beşiktaş','Defender',6,1,1,1,313,4),(192,146,264,'Liverpool','Defender',6,1,1,0,630,7),(193,146,121,'Dortmund','Defender',6,1,1,0,484,6),(194,146,320,'Man. City','Defender',6,1,0,0,664,8),(195,146,109,'Inter','Midfielder',6,1,0,0,531,8),(196,146,80,'Young Boys','Midfielder',6,1,0,0,272,6),(197,146,564,'Malmö','Defender',6,0,1,1,413,5),(198,146,466,'Juventus','Midfielder',6,0,1,0,80,5),(199,146,370,'Shakhtar Donetsk','Defender',6,0,0,0,450,5),(200,146,514,'Young Boys','Defender',6,0,0,0,167,3),(201,201,99,'Sporting CP','Forward',5,14,2,0,582,8),(202,201,183,'Juventus','Forward',5,13,0,0,520,7),(203,201,252,'Atlético','Midfielder',5,11,2,0,578,9),(204,201,46,'Real Madrid','Forward',5,11,1,0,505,11),(205,201,189,'Juventus','Forward',5,11,0,0,336,4),(206,201,572,'Paris','Midfielder',5,10,2,0,431,5),(207,201,29,'Man. City','Midfielder',5,10,1,0,658,11),(208,201,386,'Paris','Defender',5,10,1,0,581,8),(209,201,124,'Real Madrid','Midfielder',5,10,1,0,296,10),(210,201,13,'Benfica','Defender',5,9,2,0,863,10),(211,201,86,'Milan','Defender',5,9,2,0,450,5),(212,201,132,'Chelsea','Forward',5,9,2,0,358,8),(213,201,4,'Ajax','Forward',5,9,1,0,577,7),(214,201,1,'Man. United','Midfielder',5,9,0,0,520,7),(215,201,510,'Malmö','Defender',5,8,2,0,275,4),(216,201,422,'Dynamo Kyiv','Defender',5,8,1,0,540,6),(217,201,489,'LOSC','Defender',5,8,1,0,533,7),(218,201,238,'Shakhtar Donetsk','Defender',5,8,0,0,540,6),(219,201,205,'Inter','Defender',5,7,1,0,720,8),(220,201,215,'Liverpool','Midfielder',5,7,1,0,604,10),(221,201,196,'Chelsea','Defender',5,7,1,0,505,6),(222,201,5,'Liverpool','Defender',5,6,2,0,794,9),(223,201,423,'Wolfsburg','Defender',5,6,2,0,540,6),(224,201,226,'Sevilla','Forward',5,6,1,0,228,4),(225,201,203,'Inter','Midfielder',5,6,0,0,635,8),(226,201,563,'Salzburg','Defender',5,5,1,0,437,5),(227,201,115,'Bayern','Midfielder',5,5,0,0,448,8),(228,201,296,'Sheriff','Midfielder',5,5,0,0,357,5),(229,201,584,'Benfica','Midfielder',5,4,2,0,343,9),(230,201,267,'Wolfsburg','Midfielder',5,4,2,0,258,5),(231,201,465,'Dortmund','Midfielder',5,4,1,0,471,6),(232,201,146,'Benfica','Defender',5,4,0,0,900,10),(233,201,271,'Inter','Midfielder',5,4,0,0,419,6),(234,201,587,'Club Brugge','Defender',5,4,0,0,162,5),(235,201,380,'Sevilla','Forward',5,3,3,1,83,2),(236,201,96,'Man. City','Defender',5,3,2,0,501,8),(237,201,336,'Villarreal','Defender',5,3,2,0,309,7),(238,201,25,'Liverpool','Defender',5,3,1,0,826,10),(239,201,134,'Villarreal','Midfielder',5,3,1,0,431,10),(240,201,210,'Shakhtar Donetsk','Midfielder',5,3,0,0,343,4),(241,201,172,'Bayern','Midfielder',5,3,0,0,234,4),(242,201,576,'Malmö','Defender',5,2,2,0,448,5),(243,201,260,'Milan','Forward',5,2,2,0,261,5),(244,201,232,'Salzburg','Midfielder',5,2,1,0,345,6),(245,201,520,'Leipzig','Midfielder',5,2,1,0,270,3),(246,201,91,'Sporting CP','Midfielder',5,2,1,0,201,4),(247,201,288,'Inter','Defender',5,2,0,0,487,6),(248,201,125,'Juventus','Midfielder',5,2,0,0,382,5),(249,201,256,'Club Brugge','Forward',5,2,0,0,298,5),(250,201,145,'Juventus','Defender',5,2,0,0,286,4),(251,201,169,'Ajax','Midfielder',5,2,0,0,232,7),(252,201,368,'Sheriff','Defender',5,1,3,0,540,6),(253,201,567,'Man. United','Defender',5,1,1,0,426,5),(254,201,397,'Porto','Midfielder',5,1,1,0,300,6),(255,201,283,'Shakhtar Donetsk','Midfielder',5,1,0,0,473,6),(256,201,575,'Wolfsburg','Defender',5,0,3,1,331,4),(257,201,262,'Young Boys','Midfielder',5,0,2,0,240,5),(258,201,120,'Ajax','Defender',5,0,1,0,572,8),(259,201,127,'Atalanta','Defender',5,0,1,0,450,5),(260,201,315,'Man. United','Defender',5,0,1,0,233,3),(261,201,298,'Sheriff','Forward',5,0,0,0,205,3),(262,201,213,'Juventus','Forward',5,0,0,0,168,6),(263,263,74,'Paris','Forward',4,20,1,0,468,6),(264,263,94,'Sevilla','Midfielder',4,18,2,0,463,6),(265,263,12,'Villarreal','Midfielder',4,17,2,0,1055,12),(266,263,92,'Atlético','Forward',4,13,2,0,573,8),(267,263,51,'Liverpool','Forward',4,12,0,0,1008,13),(268,263,194,'LOSC','Forward',4,12,0,0,679,8),(269,263,182,'Man. United','Forward',4,11,1,0,611,7),(270,263,265,'Man. United','Midfielder',4,10,1,0,433,6),(271,263,55,'Sporting CP','Midfielder',4,9,3,0,509,6),(272,263,233,'Zenit','Midfielder',4,8,1,0,484,6),(273,263,135,'Real Madrid','Midfielder',4,8,1,0,349,8),(274,263,28,'Liverpool','Defender',4,8,0,0,344,5),(275,263,27,'Man. City','Midfielder',4,7,1,0,660,10),(276,263,351,'Barcelona','Midfielder',4,7,1,0,523,6),(277,263,425,'Beşiktaş','Midfielder',4,7,1,0,219,4),(278,263,494,'Porto','Defender',4,6,1,0,389,6),(279,263,223,'Beşiktaş','Midfielder',4,6,1,0,345,5),(280,263,339,'Sevilla','Midfielder',4,6,1,0,119,4),(281,263,164,'Juventus','Defender',4,6,0,0,450,5),(282,263,36,'Zenit','Defender',4,6,0,0,444,5),(283,263,149,'Liverpool','Forward',4,6,0,0,187,7),(284,263,104,'Real Madrid','Midfielder',4,5,2,0,804,11),(285,263,287,'Paris','Midfielder',4,5,0,0,261,5),(286,263,421,'Juventus','Midfielder',4,4,1,0,264,6),(287,263,579,'Beşiktaş','Defender',4,4,1,0,180,2),(288,263,117,'Chelsea','Midfielder',4,4,0,0,367,7),(289,263,358,'Liverpool','Defender',4,4,0,0,180,3),(290,263,471,'Beşiktaş','Defender',4,3,2,0,306,4),(291,263,280,'Atlético','Defender',4,3,1,0,585,7),(292,263,23,'Sheriff','Defender',4,3,1,0,540,6),(293,263,81,'Dortmund','Midfielder',4,3,1,0,499,6),(294,263,570,'Leipzig','Defender',4,3,1,0,315,4),(295,263,47,'Chelsea','Midfielder',4,3,1,0,289,5),(296,263,498,'Beşiktaş','Defender',4,3,0,0,405,5),(297,263,354,'Sheriff','Midfielder',4,3,0,0,97,5),(298,263,16,'Leipzig','Defender',4,2,2,1,432,5),(299,263,270,'Man. City','Defender',4,2,2,0,794,9),(300,263,497,'Wolfsburg','Defender',4,2,2,0,362,6),(301,263,544,'Sevilla','Midfielder',4,2,2,0,200,4),(302,263,114,'Liverpool','Defender',4,2,1,0,810,9),(303,263,387,'Atalanta','Defender',4,2,1,0,370,6),(304,263,103,'Milan','Forward',4,2,1,0,294,4),(305,263,472,'Man. United','Midfielder',4,2,1,0,204,4),(306,263,537,'Man. United','Defender',4,2,0,1,419,6),(307,263,413,'Club Brugge','Defender',4,2,0,0,540,6),(308,263,198,'Salzburg','Midfielder',4,2,0,0,516,8),(309,263,366,'Bayern','Defender',4,2,0,0,515,7),(310,263,128,'Barcelona','Defender',4,2,0,0,375,5),(311,263,188,'Liverpool','Midfielder',4,2,0,0,323,7),(312,263,461,'Beşiktaş','Forward',4,2,0,0,264,5),(313,263,72,'Paris','Forward',4,2,0,0,260,5),(314,263,157,'Leipzig','Forward',4,1,1,0,147,4),(315,263,434,'Inter','Defender',4,1,1,0,147,3),(316,263,458,'Dortmund','Forward',4,1,0,0,100,2),(317,263,500,'Dynamo Kyiv','Defender',4,0,0,0,450,5),(318,263,502,'Milan','Defender',4,0,0,0,392,5),(319,263,404,'Young Boys','Defender',4,0,0,0,347,4),(320,263,388,'Salzburg','Defender',4,0,0,0,328,5),(321,263,245,'Salzburg','Forward',4,0,0,0,234,6),(322,263,583,'Paris','Defender',4,0,0,0,165,2),(323,263,431,'Dortmund','Forward',4,0,0,0,126,3),(324,263,604,'Bayern','Defender',4,0,0,0,78,4),(325,263,542,'Young Boys','Forward',4,0,0,0,60,4),(326,326,229,'Bayern','Midfielder',3,17,1,0,702,8),(327,326,78,'Zenit','Forward',3,14,0,0,434,6),(328,326,40,'Salzburg','Midfielder',3,13,0,0,715,8),(329,326,131,'Milan','Midfielder',3,12,1,0,351,5),(330,326,244,'Sporting CP','Forward',3,12,0,0,510,8),(331,326,9,'Paris','Forward',3,11,1,0,673,8),(332,326,180,'Paris','Forward',3,11,1,0,630,7),(333,326,111,'Inter','Forward',3,10,0,0,541,7),(334,326,367,'Juventus','Midfielder',3,9,2,0,472,7),(335,326,7,'Real Madrid','Midfielder',3,8,1,0,1077,13),(336,326,428,'Milan','Midfielder',3,8,0,0,252,4),(337,326,487,'Paris','Defender',3,7,2,0,718,8),(338,326,10,'Villarreal','Forward',3,7,1,0,524,7),(339,326,242,'Inter','Midfielder',3,7,0,1,496,6),(340,326,118,'Atalanta','Defender',3,7,0,0,435,5),(341,326,398,'Porto','Defender',3,6,1,0,349,5),(342,326,352,'Sporting CP','Midfielder',3,6,1,0,131,5),(343,326,258,'Barcelona','Forward',3,6,0,0,525,6),(344,326,440,'Milan','Midfielder',3,6,0,0,333,6),(345,326,243,'Villarreal','Midfielder',3,6,0,0,330,9),(346,326,285,'Sevilla','Forward',3,6,0,0,204,4),(347,326,69,'Dynamo Kyiv','Midfielder',3,5,1,0,490,6),(348,326,90,'Club Brugge','Midfielder',3,5,0,0,540,6),(349,326,401,'Dynamo Kyiv','Defender',3,5,0,0,450,5),(350,326,54,'Liverpool','Midfielder',3,5,0,0,185,4),(351,326,447,'Porto','Defender',3,4,2,1,450,5),(352,326,345,'Dynamo Kyiv','Midfielder',3,4,2,0,536,6),(353,326,224,'Atlético','Forward',3,4,2,0,347,7),(354,326,417,'Sevilla','Defender',3,4,1,0,332,4),(355,326,305,'Man. City','Defender',3,4,1,0,324,6),(356,326,209,'Man. United','Forward',3,4,1,0,257,5),(357,326,594,'Porto','Forward',3,4,1,0,212,4),(358,326,286,'Shakhtar Donetsk','Midfielder',3,4,1,0,179,6),(359,326,306,'Sporting CP','Forward',3,4,1,0,162,5),(360,326,383,'Dynamo Kyiv','Midfielder',3,4,1,0,91,3),(361,326,266,'Sevilla','Defender',3,4,0,0,450,5),(362,326,582,'Malmö','Midfielder',3,4,0,0,438,5),(363,326,34,'Sporting CP','Midfielder',3,4,0,0,329,5),(364,326,356,'Zenit','Midfielder',3,4,0,0,257,4),(365,326,138,'Leipzig','Forward',3,4,0,0,88,2),(366,326,253,'Man. City','Defender',3,3,1,0,637,8),(367,326,273,'Malmö','Midfielder',3,3,1,0,328,4),(368,326,106,'Man. United','Forward',3,3,1,0,304,4),(369,326,297,'Malmö','Midfielder',3,3,1,0,281,5),(370,326,541,'Shakhtar Donetsk','Midfielder',3,3,1,0,256,5),(371,326,355,'Barcelona','Defender',3,3,1,0,230,4),(372,326,444,'Bayern','Defender',3,3,1,0,125,5),(373,326,614,'Sevilla','Defender',3,3,1,0,125,4),(374,326,168,'Paris','Defender',3,3,0,0,720,8),(375,326,75,'Atlético','Midfielder',3,3,0,0,377,8),(376,326,585,'Dynamo Kyiv','Defender',3,3,0,0,366,5),(377,326,464,'Malmö','Defender',3,3,0,0,284,6),(378,326,268,'Villarreal','Forward',3,3,0,0,258,8),(379,326,426,'Liverpool','Forward',3,3,0,0,215,4),(380,326,73,'Atalanta','Midfielder',3,3,0,0,210,5),(381,326,630,'Leipzig','Forward',3,3,0,0,115,5),(382,326,536,'Juventus','Defender',3,2,2,0,627,7),(383,326,302,'Villarreal','Defender',3,2,1,0,1080,12),(384,326,154,'Sporting CP','Defender',3,2,1,0,561,7),(385,326,389,'Man. United','Defender',3,2,1,0,353,5),(386,326,313,'Barcelona','Defender',3,2,1,0,345,4),(387,326,248,'Inter','Defender',3,2,1,0,283,7),(388,326,235,'Juventus','Midfielder',3,2,0,0,388,6),(389,326,143,'Club Brugge','Defender',3,2,0,0,331,4),(390,326,289,'Man. United','Forward',3,2,0,0,172,3),(391,326,65,'Ajax','Forward',3,1,1,0,628,8),(392,326,162,'Sevilla','Forward',3,1,1,0,271,6),(393,326,515,'Dortmund','Midfielder',3,1,1,0,20,3),(394,326,412,'Man. City','Defender',3,1,0,1,577,7),(395,326,332,'Young Boys','Midfielder',3,1,0,0,462,6),(396,326,414,'Wolfsburg','Midfielder',3,1,0,0,413,6),(397,326,43,'Bayern','Forward',3,1,0,0,391,8),(398,326,307,'Atalanta','Defender',3,1,0,0,360,4),(399,326,126,'Zenit','Forward',3,1,0,0,303,5),(400,326,566,'Atalanta','Defender',3,1,0,0,260,5),(401,326,506,'Leipzig','Midfielder',3,1,0,0,182,4),(402,326,476,'Juventus','Defender',3,1,0,0,177,4),(403,326,263,'Chelsea','Midfielder',3,1,0,0,159,5),(404,326,321,'Porto','Midfielder',3,0,2,0,218,6),(405,326,571,'Leipzig','Defender',3,0,1,0,357,5),(406,326,163,'Milan','Defender',3,0,1,0,216,5),(407,326,432,'Wolfsburg','Defender',3,0,1,0,204,3),(408,326,347,'Chelsea','Defender',3,0,1,0,175,3),(409,326,281,'Bayern','Midfielder',3,0,1,0,133,5),(410,326,592,'Bayern','Defender',3,0,1,0,52,4),(411,326,142,'Villarreal','Midfielder',3,0,0,0,222,6),(412,326,246,'Ajax','Forward',3,0,0,0,203,5),(413,326,353,'Dortmund','Midfielder',3,0,0,0,170,5),(414,326,79,'Club Brugge','Midfielder',3,0,0,0,156,4),(415,326,608,'Dynamo Kyiv','Midfielder',3,0,0,0,54,2),(416,326,646,'Ajax','Midfielder',3,0,0,0,38,3),(417,417,290,'Dynamo Kyiv','Midfielder',2,14,1,0,436,5),(418,417,186,'Benfica','Forward',2,13,2,0,514,10),(419,417,67,'Club Brugge','Forward',2,8,3,0,528,6),(420,417,451,'LOSC','Defender',2,7,1,0,243,4),(421,417,473,'Man. United','Defender',2,6,2,0,293,4),(422,417,30,'Beşiktaş','Midfielder',2,6,1,0,261,3),(423,417,89,'Juventus','Forward',2,6,0,0,255,5),(424,417,581,'Wolfsburg','Defender',2,6,0,0,171,4),(425,417,3,'Bayern','Midfielder',2,5,0,0,798,10),(426,417,580,'Benfica','Defender',2,5,0,0,236,5),(427,417,488,'Man. United','Midfielder',2,4,2,0,194,8),(428,417,87,'Real Madrid','Forward',2,4,1,0,1106,12),(429,417,519,'Beşiktaş','Midfielder',2,4,1,0,184,3),(430,417,219,'Club Brugge','Midfielder',2,4,0,0,417,6),(431,417,381,'Wolfsburg','Forward',2,4,0,0,296,6),(432,417,32,'Juventus','Midfielder',2,4,0,0,292,5),(433,417,171,'Wolfsburg','Midfielder',2,4,0,0,192,5),(434,417,478,'Milan','Forward',2,4,0,0,115,2),(435,417,37,'Zenit','Defender',2,3,1,0,497,6),(436,417,474,'Dynamo Kyiv','Defender',2,3,1,0,160,4),(437,417,294,'Beşiktaş','Midfielder',2,3,1,0,156,4),(438,417,220,'Atalanta','Forward',2,3,1,0,130,5),(439,417,609,'Sevilla','Defender',2,3,1,0,80,3),(440,417,427,'Shakhtar Donetsk','Defender',2,3,0,0,360,4),(441,417,509,'Milan','Defender',2,3,0,0,315,4),(442,417,391,'Atalanta','Midfielder',2,3,0,0,211,4),(443,417,540,'Porto','Forward',2,3,0,0,144,6),(444,417,107,'Inter','Forward',2,2,2,1,155,6),(445,417,71,'Sheriff','Midfielder',2,2,1,0,540,6),(446,417,650,'Villarreal','Defender',2,2,1,0,93,2),(447,417,462,'Leipzig','Midfielder',2,2,1,0,60,3),(448,417,543,'LOSC','Midfielder',2,2,1,0,47,4),(449,417,326,'Dortmund','Midfielder',2,2,0,0,395,5),(450,417,241,'Shakhtar Donetsk','Midfielder',2,2,0,0,322,5),(451,417,201,'Chelsea','Forward',2,2,0,0,320,6),(452,417,70,'Liverpool','Midfielder',2,2,0,0,300,6),(453,417,284,'LOSC','Forward',2,2,0,0,255,5),(454,417,33,'Dortmund','Midfielder',2,2,0,0,212,4),(455,417,192,'Dortmund','Forward',2,2,0,0,203,3),(456,417,589,'Man. United','Defender',2,2,0,0,180,2),(457,417,400,'Zenit','Midfielder',2,2,0,0,150,5),(458,417,330,'Zenit','Midfielder',2,2,0,0,104,6),(459,417,601,'Milan','Defender',2,2,0,0,91,2),(460,417,637,'Dynamo Kyiv','Forward',2,2,0,0,81,2),(461,417,449,'Malmö','Defender',2,1,2,0,450,5),(462,417,430,'Benfica','Defender',2,1,1,0,270,3),(463,417,155,'Atalanta','Midfielder',2,1,1,0,220,5),(464,417,511,'Man. United','Forward',2,1,1,0,75,4),(465,417,409,'Milan','Defender',2,1,0,0,270,3),(466,417,607,'Beşiktaş','Midfielder',2,1,0,0,189,3),(467,417,230,'Chelsea','Defender',2,1,0,0,188,4),(468,417,521,'Barcelona','Midfielder',2,1,0,0,158,2),(469,417,617,'Benfica','Midfielder',2,1,0,0,114,6),(470,417,408,'Inter','Defender',2,1,0,0,98,3),(471,417,407,'Club Brugge','Forward',2,1,0,0,68,3),(472,417,357,'Bayern','Midfielder',2,1,0,0,49,4),(473,417,504,'Zenit','Defender',2,0,2,0,315,4),(474,417,144,'Zenit','Defender',2,0,1,0,299,4),(475,417,221,'Young Boys','Midfielder',2,0,1,0,269,3),(476,417,173,'Ajax','Defender',2,0,1,0,146,3),(477,417,433,'Wolfsburg','Forward',2,0,1,0,119,3),(478,417,393,'Milan','Forward',2,0,1,0,117,2),(479,417,661,'Sporting CP','Forward',2,0,1,0,104,2),(480,417,602,'Dortmund','Defender',2,0,1,0,97,2),(481,417,470,'Salzburg','Midfielder',2,0,1,0,38,4),(482,417,459,'Dortmund','Forward',2,0,1,0,20,1),(483,417,39,'Real Madrid','Forward',2,0,0,0,207,8),(484,417,158,'Dortmund','Defender',2,0,0,0,195,4),(485,417,588,'Beşiktaş','Midfielder',2,0,0,0,109,5),(486,417,341,'Atalanta','Midfielder',2,0,0,0,101,2),(487,417,610,'Liverpool','Defender',2,0,0,0,91,2),(488,417,634,'Sporting CP','Forward',2,0,0,0,79,3),(489,417,598,'Ajax','Defender',2,0,0,0,71,5),(490,417,656,'Man. City','Forward',2,0,0,0,6,1),(491,491,63,'Man. City','Midfielder',1,12,1,0,347,8),(492,491,77,'Club Brugge','Forward',1,11,0,0,500,6),(493,491,88,'Atalanta','Midfielder',1,11,0,0,249,4),(494,491,130,'Malmö','Midfielder',1,10,0,0,356,6),(495,491,460,'Sheriff','Midfielder',1,8,1,0,405,6),(496,491,249,'Atlético','Forward',1,7,0,1,472,7),(497,491,518,'Benfica','Midfielder',1,7,0,0,155,3),(498,491,369,'Barcelona','Defender',1,5,1,0,367,5),(499,491,279,'Sevilla','Forward',1,5,0,0,322,5),(500,491,165,'Ajax','Defender',1,5,0,0,139,3),(501,491,454,'Milan','Defender',1,4,1,0,56,3),(502,491,371,'Shakhtar Donetsk','Defender',1,4,0,0,355,5),(503,491,573,'Porto','Forward',1,4,0,0,351,4),(504,491,600,'Atlético','Defender',1,4,0,0,220,3),(505,491,481,'Young Boys','Defender',1,4,0,0,180,2),(506,491,123,'LOSC','Midfielder',1,4,0,0,168,4),(507,491,314,'Barcelona','Forward',1,4,0,0,109,4),(508,491,513,'Dynamo Kyiv','Midfielder',1,4,0,0,93,3),(509,491,304,'Sevilla','Defender',1,3,2,0,539,6),(510,491,239,'Sporting CP','Defender',1,3,1,0,540,6),(511,491,346,'LOSC','Defender',1,3,1,0,418,5),(512,491,317,'Real Madrid','Forward',1,3,1,0,113,3),(513,491,657,'Man. United','Midfielder',1,3,1,0,22,1),(514,491,112,'Zenit','Forward',1,3,0,0,277,6),(515,491,437,'LOSC','Midfielder',1,3,0,0,257,8),(516,491,293,'Leipzig','Midfielder',1,3,0,0,209,4),(517,491,382,'Dynamo Kyiv','Defender',1,3,0,0,154,6),(518,491,333,'Real Madrid','Forward',1,3,0,0,84,3),(519,491,450,'Inter','Defender',1,2,1,0,196,5),(520,491,468,'Sevilla','Defender',1,2,1,0,186,4),(521,491,377,'Milan','Forward',1,2,1,0,160,4),(522,491,445,'Dortmund','Defender',1,2,0,0,450,5),(523,491,586,'Beşiktaş','Defender',1,2,0,0,253,3),(524,491,395,'Sporting CP','Forward',1,2,0,0,218,7),(525,491,340,'Sheriff','Forward',1,2,0,0,156,3),(526,491,591,'Beşiktaş','Defender',1,2,0,0,135,2),(527,491,316,'Barcelona','Forward',1,2,0,0,122,3),(528,491,516,'Young Boys','Defender',1,2,0,0,113,3),(529,491,467,'Inter','Forward',1,2,0,0,106,5),(530,491,153,'Porto','Midfielder',1,2,0,0,85,2),(531,491,435,'Shakhtar Donetsk','Midfielder',1,2,0,0,84,2),(532,491,551,'Sporting CP','Defender',1,2,0,0,73,1),(533,491,539,'Zenit','Defender',1,2,0,0,68,6),(534,491,406,'Atalanta','Defender',1,2,0,0,56,3),(535,491,642,'Man. City','Midfielder',1,2,0,0,45,1),(536,491,492,'Sheriff','Defender',1,1,1,0,540,6),(537,491,448,'Atlético','Defender',1,1,1,0,450,5),(538,491,348,'Malmö','Midfielder',1,1,1,0,222,3),(539,491,577,'Malmö','Defender',1,1,1,0,187,3),(540,491,626,'Inter','Midfielder',1,1,1,0,66,5),(541,491,546,'LOSC','Midfielder',1,1,1,0,22,2),(542,491,635,'Dortmund','Defender',1,1,0,1,74,2),(543,491,390,'Zenit','Midfielder',1,1,0,0,293,4),(544,491,385,'Beşiktaş','Midfielder',1,1,0,0,261,3),(545,491,593,'Liverpool','Midfielder',1,1,0,0,180,2),(546,491,251,'Barcelona','Forward',1,1,0,0,179,3),(547,491,97,'Villarreal','Defender',1,1,0,0,129,5),(548,491,405,'Barcelona','Midfielder',1,1,0,0,101,3),(549,491,480,'Shakhtar Donetsk','Forward',1,1,0,0,101,2),(550,491,374,'Milan','Defender',1,1,0,0,88,4),(551,491,623,'Salzburg','Defender',1,1,0,0,84,2),(552,491,611,'Juventus','Defender',1,1,0,0,81,2),(553,491,446,'Young Boys','Forward',1,1,0,0,75,5),(554,491,418,'Man. United','Midfielder',1,1,0,0,68,1),(555,491,363,'Shakhtar Donetsk','Midfielder',1,1,0,0,56,2),(556,491,653,'Wolfsburg','Midfielder',1,1,0,0,36,2),(557,491,159,'Atalanta','Forward',1,1,0,0,33,2),(558,491,662,'Malmö','Goalkeeper',1,0,1,0,315,4),(559,491,620,'Shakhtar Donetsk','Defender',1,0,1,0,90,1),(560,491,613,'Paris','Defender',1,0,1,0,70,4),(561,491,615,'Atalanta','Defender',1,0,1,0,45,1),(562,491,548,'Porto','Forward',1,0,1,0,37,2),(563,491,628,'Villarreal','Defender',1,0,1,0,18,2),(564,491,644,'Sheriff','Midfielder',1,0,1,0,15,2),(565,491,663,'Juventus','Midfielder',1,0,1,0,14,2),(566,491,664,'Shakhtar Donetsk','Midfielder',1,0,1,0,4,1),(567,491,665,'Sevilla','Goalkeeper',1,0,0,0,540,6),(568,491,463,'Liverpool','Defender',1,0,0,0,245,7),(569,491,174,'Shakhtar Donetsk','Defender',1,0,0,0,192,3),(570,491,479,'Benfica','Defender',1,0,0,0,180,2),(571,491,595,'Dortmund','Defender',1,0,0,0,170,5),(572,491,457,'Real Madrid','Defender',1,0,0,0,93,3),(573,491,621,'Man. City','Defender',1,0,0,0,90,1),(574,491,531,'Shakhtar Donetsk','Defender',1,0,0,0,90,1),(575,491,299,'Villarreal','Forward',1,0,0,0,73,3),(576,491,364,'Man. City','Forward',1,0,0,0,71,1),(577,491,429,'Leipzig','Defender',1,0,0,0,51,4),(578,491,556,'Benfica','Forward',1,0,0,0,31,1),(579,491,523,'Barcelona','Defender',1,0,0,0,19,2),(580,491,666,'Dynamo Kyiv','Forward',1,0,0,0,16,2),(581,491,645,'LOSC','Defender',1,0,0,0,13,1),(582,491,636,'Villarreal','Midfielder',1,0,0,0,10,1),(583,491,658,'LOSC','Midfielder',1,0,0,0,9,1),(584,491,667,'Juventus','Defender',1,0,0,0,7,1);
/*!40000 ALTER TABLE `disciplinary` ENABLE KEYS */;
UNLOCK TABLES;

--
-- Table structure for table `distributon`
--

DROP TABLE IF EXISTS `distributon`;
/*!40101 SET @saved_cs_client     = @@character_set_client */;
/*!50503 SET character_set_client = utf8mb4 */;
CREATE TABLE `distributon` (
  `ID` int NOT NULL AUTO_INCREMENT,
  `ranking` int DEFAULT NULL,
  `player_ID` int DEFAULT NULL,
  `club` varchar(255) DEFAULT NULL,
  `position` varchar(50) DEFAULT NULL,
  `pass_accuracy` decimal(5,2) DEFAULT NULL,
  `pass_attempted` int DEFAULT NULL,
  `pass_completed` int DEFAULT NULL,
  `cross_accuracy` decimal(5,2) DEFAULT NULL,
  `cross_attempted` int DEFAULT NULL,
  `cross_completed` int DEFAULT NULL,
  `freekicks_taken` int DEFAULT NULL,
  `match_played` int DEFAULT NULL,
  PRIMARY KEY (`ID`),
  KEY `fk_distributon` (`player_ID`),
  CONSTRAINT `fk_distributon` FOREIGN KEY (`player_ID`) REFERENCES `players` (`ID`)
) ENGINE=InnoDB AUTO_INCREMENT=1024 DEFAULT CHARSET=utf8mb4 COLLATE=utf8mb4_0900_ai_ci;
/*!40101 SET character_set_client = @saved_cs_client */;

--
-- Dumping data for table `distributon`
--

LOCK TABLES `distributon` WRITE;
/*!40000 ALTER TABLE `distributon` DISABLE KEYS */;
INSERT INTO `distributon` VALUES (1,1,330,'Zenit','Midfielder',98.00,27,26,0.00,2,0,0,6),(2,2,452,'Barcelona','Defender',97.50,203,197,0.00,0,0,1,4),(3,3,668,'Bayern','Goalkeeper',97.00,32,31,0.00,0,0,1,1),(4,4,476,'Juventus','Defender',96.80,130,122,0.00,0,0,0,4),(5,5,419,'Ajax','Midfielder',95.80,497,474,0.00,1,0,14,8),(6,6,621,'Man. City','Defender',95.00,61,58,0.00,1,0,0,1),(7,6,650,'Villarreal','Defender',95.00,32,29,0.00,1,0,1,2),(8,8,370,'Shakhtar Donetsk','Defender',94.80,424,402,0.00,0,0,8,5),(9,9,366,'Bayern','Defender',94.70,429,413,0.00,2,0,9,7),(10,9,270,'Man. City','Defender',94.70,707,672,0.00,0,0,10,9),(11,11,283,'Shakhtar Donetsk','Midfielder',94.50,395,373,58.00,12,7,9,6),(12,11,578,'Bayern','Midfielder',94.50,199,192,0.00,0,0,5,4),(13,13,541,'Shakhtar Donetsk','Midfielder',94.40,234,224,0.00,0,0,5,5),(14,13,253,'Man. City','Defender',94.40,545,523,0.00,1,0,8,8),(15,15,512,'Shakhtar Donetsk','Midfielder',94.30,146,137,0.00,1,0,4,4),(16,16,257,'Man. City','Midfielder',94.20,806,760,0.00,1,0,13,10),(17,16,264,'Liverpool','Defender',94.20,498,467,0.00,0,0,14,7),(18,18,148,'Ajax','Defender',94.10,674,633,0.00,0,0,12,8),(19,19,421,'Juventus','Midfielder',94.00,293,278,50.00,2,1,7,6),(20,19,531,'Shakhtar Donetsk','Defender',94.00,105,99,0.00,0,0,3,1),(21,19,527,'Porto','Defender',94.00,39,36,0.00,0,0,2,2),(22,19,632,'Dynamo Kyiv','Defender',94.00,35,33,0.00,0,0,0,1),(23,23,501,'Paris','Midfielder',93.80,315,298,0.00,0,0,10,5),(24,24,567,'Man. United','Defender',93.60,280,263,50.00,2,1,8,5),(25,24,352,'Sporting CP','Midfielder',93.60,66,61,0.00,0,0,2,5),(26,24,331,'Atlético','Forward',93.60,19,17,0.00,0,0,0,5),(27,27,287,'Paris','Midfielder',93.40,97,89,0.00,0,0,3,5),(28,27,161,'Chelsea','Defender',93.40,552,517,50.00,2,1,7,8),(29,29,568,'Paris','Defender',93.30,376,352,0.00,0,0,15,7),(30,29,237,'Ajax','Midfielder',93.30,363,340,0.00,1,0,7,7),(31,31,465,'Dortmund','Midfielder',93.20,311,294,0.00,0,0,6,6),(32,32,438,'Bayern','Defender',93.10,562,519,0.00,2,0,11,8),(33,32,167,'Chelsea','Defender',93.10,607,571,100.00,2,2,17,9),(34,34,572,'Paris','Midfielder',93.00,436,403,0.00,2,0,14,5),(35,34,426,'Liverpool','Forward',93.00,76,69,0.00,1,0,1,4),(36,34,620,'Shakhtar Donetsk','Defender',93.00,73,68,0.00,0,0,3,1),(37,37,325,'Barcelona','Midfielder',92.80,164,153,0.00,3,0,1,6),(38,37,399,'Barcelona','Defender',92.80,288,269,0.00,0,0,2,5),(39,37,427,'Shakhtar Donetsk','Defender',92.80,350,328,0.00,2,0,1,4),(40,40,288,'Inter','Defender',92.70,322,301,0.00,0,0,4,6),(41,41,320,'Man. City','Defender',92.60,464,431,0.00,0,0,8,8),(42,42,168,'Paris','Defender',92.50,509,475,0.00,0,0,16,8),(43,43,233,'Zenit','Midfielder',92.30,295,274,0.00,4,0,4,6),(44,43,277,'Real Madrid','Defender',92.30,657,606,11.00,17,2,21,12),(45,43,614,'Sevilla','Defender',92.30,93,86,0.00,2,0,5,4),(46,46,275,'Zenit','Defender',92.20,209,196,0.00,0,0,4,5),(47,46,387,'Atalanta','Defender',92.20,176,162,0.00,0,0,9,6),(48,48,254,'Bayern','Defender',92.00,543,496,37.00,8,3,12,8),(49,48,570,'Leipzig','Defender',92.00,194,176,0.00,0,0,6,4),(50,48,174,'Shakhtar Donetsk','Defender',92.00,167,153,0.00,0,0,4,3),(51,48,505,'Leipzig','Defender',92.00,158,142,100.00,1,1,7,4),(52,48,669,'Man. City','Goalkeeper',92.00,25,23,0.00,0,0,3,1),(53,53,193,'Real Madrid','Midfielder',91.90,814,752,20.00,34,7,44,12),(54,54,215,'Liverpool','Midfielder',91.80,553,508,50.00,2,1,12,10),(55,54,97,'Villarreal','Defender',91.80,66,58,0.00,2,0,0,5),(56,56,538,'Zenit','Midfielder',91.70,306,282,0.00,2,0,8,6),(57,57,18,'Man. City','Midfielder',91.60,462,427,23.00,17,4,5,11),(58,57,670,'Inter','Goalkeeper',91.60,253,230,0.00,0,0,7,8),(59,59,48,'Chelsea','Midfielder',91.50,519,477,50.00,4,2,12,8),(60,59,342,'Sevilla','Midfielder',91.50,221,203,50.00,4,2,9,6),(61,59,589,'Man. United','Defender',91.50,107,98,0.00,0,0,1,2),(62,62,154,'Sporting CP','Defender',91.40,271,246,0.00,0,0,17,7),(63,62,205,'Inter','Defender',91.40,451,416,50.00,4,2,11,8),(64,64,329,'Chelsea','Midfielder',91.30,457,425,0.00,0,0,7,6),(65,64,671,'Shakhtar Donetsk','Goalkeeper',91.30,83,75,0.00,0,0,3,3),(66,66,272,'Young Boys','Midfielder',91.20,177,162,0.00,0,0,6,5),(67,66,337,'Shakhtar Donetsk','Midfielder',91.20,126,110,50.00,4,2,2,6),(68,68,58,'Real Madrid','Defender',91.10,413,376,25.00,12,3,4,10),(69,69,485,'Real Madrid','Defender',91.00,304,283,16.00,6,1,5,9),(70,70,160,'Bayern','Goalkeeper',90.90,352,318,0.00,0,0,8,9),(71,71,27,'Man. City','Midfielder',90.80,406,367,33.00,15,5,7,10),(72,71,467,'Inter','Forward',90.80,27,24,0.00,1,0,0,5),(73,73,114,'Liverpool','Defender',90.70,667,609,0.00,1,0,10,9),(74,73,569,'Sporting CP','Defender',90.70,220,202,0.00,0,0,19,6),(75,73,520,'Leipzig','Midfielder',90.70,180,165,33.00,3,1,2,3),(76,73,434,'Inter','Defender',90.70,64,56,0.00,3,0,2,3),(77,77,203,'Inter','Midfielder',90.60,559,506,75.00,8,6,26,8),(78,78,61,'Inter','Midfielder',90.40,254,222,66.00,3,2,3,7),(79,78,487,'Paris','Defender',90.40,417,378,10.00,10,1,5,8),(80,80,202,'Chelsea','Defender',90.30,750,681,0.00,4,0,12,9),(81,80,196,'Chelsea','Defender',90.30,359,324,30.00,23,7,14,6),(82,80,305,'Man. City','Defender',90.30,259,244,0.00,0,0,7,6),(83,80,173,'Ajax','Defender',90.30,111,99,0.00,0,0,6,3),(84,80,672,'Milan','Goalkeeper',90.30,93,83,0.00,0,0,6,3),(85,80,317,'Real Madrid','Forward',90.30,40,36,0.00,0,0,0,3),(86,80,274,'Liverpool','Midfielder',90.30,595,549,0.00,2,0,9,13),(87,87,113,'Bayern','Defender',90.20,676,613,33.00,12,4,10,10),(88,87,310,'Man. United','Midfielder',90.20,217,197,0.00,0,0,10,5),(89,87,47,'Chelsea','Midfielder',90.20,149,134,40.00,10,4,0,5),(90,87,444,'Bayern','Defender',90.20,72,62,25.00,4,1,0,5),(91,87,304,'Sevilla','Defender',90.20,414,374,0.00,0,0,11,6),(92,87,332,'Young Boys','Midfielder',90.20,348,313,0.00,0,0,6,6),(93,87,351,'Barcelona','Midfielder',90.20,346,312,0.00,1,0,8,6),(94,87,422,'Dynamo Kyiv','Defender',90.20,241,221,0.00,1,0,10,6),(95,95,266,'Sevilla','Defender',90.00,343,311,0.00,0,0,11,5),(96,95,384,'Barcelona','Midfielder',90.00,143,129,0.00,0,0,1,4),(97,95,241,'Shakhtar Donetsk','Midfielder',90.00,136,123,0.00,5,0,0,5),(98,95,481,'Young Boys','Defender',90.00,130,117,0.00,0,0,5,2),(99,95,579,'Beşiktaş','Defender',90.00,99,90,0.00,0,0,4,2),(100,95,356,'Zenit','Midfielder',90.00,79,71,66.00,3,2,0,4),(101,95,596,'Chelsea','Defender',90.00,71,68,0.00,0,0,0,2),(102,95,431,'Dortmund','Forward',90.00,71,64,0.00,1,0,0,3),(103,95,605,'Dynamo Kyiv','Midfielder',90.00,48,40,0.00,0,0,2,2),(104,104,673,'Man. City','Goalkeeper',89.90,318,277,0.00,0,0,21,11),(105,104,180,'Paris','Forward',89.90,428,385,35.00,14,5,12,7),(106,106,7,'Real Madrid','Midfielder',89.80,799,723,25.00,12,3,26,13),(107,106,140,'Chelsea','Midfielder',89.80,274,245,50.00,4,2,3,6),(108,106,321,'Porto','Midfielder',89.80,142,127,0.00,11,0,6,6),(109,106,595,'Dortmund','Defender',89.80,89,78,0.00,0,0,4,5),(110,110,674,'Liverpool','Goalkeeper',89.70,461,415,0.00,0,0,16,13),(111,110,295,'Man. United','Defender',89.70,346,311,0.00,2,0,16,6),(112,110,133,'Atalanta','Defender',89.70,188,162,8.00,12,1,6,6),(113,113,164,'Juventus','Defender',89.60,362,331,0.00,7,0,9,5),(114,114,229,'Bayern','Midfielder',89.50,688,616,35.00,48,17,31,8),(115,114,247,'Liverpool','Defender',89.50,515,465,0.00,0,0,16,8),(116,114,495,'Malmö','Midfielder',89.50,225,202,0.00,0,0,3,6),(117,114,390,'Zenit','Midfielder',89.50,160,145,33.00,6,2,4,4),(118,118,597,'Leipzig','Midfielder',89.40,166,146,0.00,1,0,0,5),(119,119,359,'Chelsea','Midfielder',89.30,69,61,37.00,8,3,3,3),(120,119,562,'Juventus','Defender',89.30,434,391,0.00,0,0,15,7),(121,119,248,'Inter','Defender',89.30,158,138,29.00,37,11,10,7),(122,119,313,'Barcelona','Defender',89.30,304,274,0.00,1,0,7,4),(123,123,411,'Benfica','Midfielder',89.10,351,316,0.00,3,0,8,9),(124,123,208,'Real Madrid','Midfielder',89.10,538,482,25.00,4,1,6,11),(125,125,486,'Inter','Defender',89.00,432,387,18.00,11,2,18,8),(126,125,443,'Barcelona','Midfielder',89.00,382,340,0.00,0,0,16,6),(127,125,228,'Juventus','Midfielder',89.00,267,243,20.00,5,1,0,7),(128,125,590,'Barcelona','Defender',89.00,140,119,18.00,11,2,7,5),(129,125,540,'Porto','Forward',89.00,20,16,0.00,2,0,0,6),(130,130,504,'Zenit','Defender',88.80,159,141,50.00,2,1,5,4),(131,131,292,'Paris','Midfielder',88.70,209,190,33.00,3,1,2,7),(132,131,675,'Barcelona','Goalkeeper',88.70,213,188,0.00,0,0,12,6),(133,131,409,'Milan','Defender',88.70,134,119,0.00,0,0,4,3),(134,131,612,'Club Brugge','Defender',88.70,38,32,0.00,0,0,1,3),(135,135,375,'LOSC','Defender',88.50,369,328,0.00,0,0,14,8),(136,135,479,'Benfica','Defender',88.50,134,121,0.00,0,0,2,2),(137,135,294,'Beşiktaş','Midfielder',88.50,90,77,50.00,2,1,3,4),(138,135,428,'Milan','Midfielder',88.50,90,77,0.00,0,0,1,4),(139,139,50,'Man. City','Forward',88.40,206,185,12.00,8,1,1,12),(140,140,447,'Porto','Defender',88.20,215,192,100.00,2,2,10,5),(141,140,238,'Shakhtar Donetsk','Defender',88.20,289,256,10.00,10,1,11,6),(142,142,22,'Man. City','Defender',88.00,668,586,20.00,29,6,11,9),(143,142,302,'Villarreal','Defender',88.00,506,457,0.00,0,0,16,12),(144,142,147,'Chelsea','Defender',88.00,491,434,15.00,19,3,3,9),(145,142,96,'Man. City','Defender',88.00,356,314,23.00,13,3,4,8),(146,142,346,'LOSC','Defender',88.00,248,220,0.00,0,0,13,5),(147,142,389,'Man. United','Defender',88.00,245,222,0.00,0,0,6,5),(148,142,473,'Man. United','Defender',88.00,179,164,21.00,33,7,12,4),(149,142,210,'Shakhtar Donetsk','Midfielder',88.00,170,150,50.00,4,2,0,4),(150,142,246,'Ajax','Forward',88.00,104,91,57.00,7,4,0,5),(151,142,593,'Liverpool','Midfielder',88.00,76,67,0.00,0,0,2,2),(152,142,676,'Ajax','Goalkeeper',88.00,56,49,0.00,0,0,4,2),(153,142,638,'Atalanta','Defender',88.00,33,29,33.00,3,1,0,1),(154,154,59,'Liverpool','Midfielder',87.90,354,313,0.00,4,0,5,10),(155,155,124,'Real Madrid','Midfielder',87.70,179,158,0.00,1,0,7,10),(156,155,405,'Barcelona','Midfielder',87.70,47,39,0.00,0,0,0,3),(157,157,536,'Juventus','Defender',87.60,346,307,100.00,1,1,8,7),(158,158,211,'Real Madrid','Defender',87.50,643,563,0.00,2,0,17,12),(159,158,677,'Dortmund','Goalkeeper',87.50,175,152,0.00,0,0,8,6),(160,158,603,'Malmö','Midfielder',87.50,62,54,0.00,1,0,0,2),(161,161,338,'Milan','Defender',87.40,194,169,0.00,0,0,3,5),(162,161,66,'Ajax','Midfielder',87.40,386,342,0.00,9,0,9,8),(163,163,234,'Dynamo Kyiv','Midfielder',87.30,321,287,44.00,9,4,17,6),(164,163,119,'Real Madrid','Defender',87.30,576,503,34.00,23,8,11,11),(165,165,376,'Beşiktaş','Midfielder',87.20,267,237,0.00,1,0,13,5),(166,165,563,'Salzburg','Defender',87.20,242,213,0.00,0,0,10,5),(167,165,32,'Juventus','Midfielder',87.20,131,111,38.00,18,7,7,5),(168,165,11,'Villarreal','Midfielder',87.20,491,438,50.00,2,1,4,12),(169,165,367,'Juventus','Midfielder',87.20,256,226,32.00,28,9,3,7),(170,165,85,'Man. City','Midfielder',87.20,243,214,40.00,5,2,3,7),(171,165,182,'Man. United','Forward',87.20,204,179,60.00,5,3,4,7),(172,172,445,'Dortmund','Defender',87.00,299,262,0.00,1,0,9,5),(173,172,345,'Dynamo Kyiv','Midfielder',87.00,297,262,0.00,1,0,13,6),(174,172,239,'Sporting CP','Defender',87.00,240,211,0.00,0,0,10,6),(175,172,404,'Young Boys','Defender',87.00,208,185,0.00,0,0,4,4),(176,172,89,'Juventus','Forward',87.00,178,156,11.00,9,1,3,5),(177,172,602,'Dortmund','Defender',87.00,111,103,100.00,1,1,0,2),(178,172,521,'Barcelona','Midfielder',87.00,103,90,0.00,1,0,2,2),(179,179,57,'Ajax','Defender',86.90,385,338,36.00,19,7,7,8),(180,179,250,'Juventus','Defender',86.90,325,284,14.00,7,1,11,7),(181,181,19,'Dortmund','Midfielder',86.80,281,246,28.00,7,2,4,6),(182,181,3,'Bayern','Midfielder',86.80,398,346,26.00,19,5,8,10),(183,181,372,'Dortmund','Defender',86.80,310,277,0.00,0,0,3,5),(184,181,172,'Bayern','Midfielder',86.80,197,178,0.00,2,0,6,4),(185,181,377,'Milan','Forward',86.80,49,40,100.00,1,1,2,4),(186,186,56,'Bayern','Midfielder',86.70,278,236,26.00,15,4,4,7),(187,186,319,'Barcelona','Forward',86.70,74,64,50.00,2,1,1,3),(188,186,519,'Beşiktaş','Midfielder',86.70,50,44,0.00,0,0,0,3),(189,189,412,'Man. City','Defender',86.60,397,347,9.00,11,1,2,7),(190,190,365,'Salzburg','Midfielder',86.50,369,325,0.00,1,0,18,8),(191,190,217,'Shakhtar Donetsk','Forward',86.50,129,110,0.00,4,0,0,6),(192,190,286,'Shakhtar Donetsk','Midfielder',86.50,69,54,9.00,11,1,0,6),(193,193,502,'Milan','Defender',86.40,221,192,0.00,1,0,7,5),(194,193,580,'Benfica','Defender',86.40,103,82,33.00,3,1,7,5),(195,195,328,'Leipzig','Defender',86.30,196,162,0.00,2,0,3,6),(196,195,184,'Leipzig','Midfielder',86.30,193,167,20.00,15,3,8,6),(197,195,385,'Beşiktaş','Midfielder',86.30,81,70,0.00,0,0,1,3),(198,195,117,'Chelsea','Midfielder',86.30,123,106,25.00,4,1,0,7),(199,195,197,'Chelsea','Defender',86.30,300,258,38.00,34,13,10,8),(200,195,54,'Liverpool','Midfielder',86.30,132,118,0.00,1,0,3,4),(201,201,60,'Liverpool','Midfielder',86.20,602,530,35.00,17,6,6,12),(202,201,678,'Ajax','Goalkeeper',86.20,232,200,0.00,0,0,5,6),(203,203,179,'Chelsea','Midfielder',86.10,248,210,66.00,3,2,0,9),(204,204,559,'Sevilla','Midfielder',86.00,293,253,0.00,1,0,10,6),(205,204,369,'Barcelona','Defender',86.00,192,167,33.00,3,1,9,5),(206,204,398,'Porto','Defender',86.00,190,163,0.00,2,0,10,5),(207,204,371,'Shakhtar Donetsk','Defender',86.00,184,159,0.00,4,0,5,5),(208,204,33,'Dortmund','Midfielder',86.00,141,117,60.00,5,3,2,4),(209,204,101,'Man. City','Forward',86.00,131,113,0.00,4,0,0,8),(210,204,506,'Leipzig','Midfielder',86.00,123,106,0.00,0,0,3,4),(211,211,436,'Villarreal','Defender',85.90,440,385,0.00,1,0,14,12),(212,212,415,'Milan','Midfielder',85.80,200,170,36.00,11,4,16,6),(213,212,235,'Juventus','Midfielder',85.80,170,153,0.00,3,0,1,6),(214,212,571,'Leipzig','Defender',85.80,161,140,0.00,1,0,2,5),(215,212,281,'Bayern','Midfielder',85.80,83,72,0.00,5,0,2,5),(216,212,8,'Benfica','Midfielder',85.80,268,242,40.00,10,4,23,8),(217,212,471,'Beşiktaş','Defender',85.80,168,147,0.00,0,0,8,4),(218,212,106,'Man. United','Forward',85.80,143,123,40.00,5,2,0,4),(219,219,261,'Man. United','Midfielder',85.70,202,176,0.00,4,0,0,7),(220,219,188,'Liverpool','Midfielder',85.70,176,150,0.00,0,0,0,7),(221,219,185,'Bayern','Midfielder',85.70,338,307,33.00,3,1,5,6),(222,219,271,'Inter','Midfielder',85.70,262,225,47.00,34,16,4,6),(223,219,560,'Club Brugge','Defender',85.70,184,162,0.00,0,0,4,6),(224,219,347,'Chelsea','Defender',85.70,106,92,0.00,1,0,5,3),(225,219,221,'Young Boys','Midfielder',85.70,86,73,16.00,6,1,1,3),(226,226,500,'Dynamo Kyiv','Defender',85.60,224,194,0.00,0,0,4,5),(227,226,231,'Juventus','Midfielder',85.60,363,316,33.00,3,1,12,7),(228,228,68,'Young Boys','Midfielder',85.50,272,235,47.00,21,10,3,6),(229,228,583,'Paris','Defender',85.50,117,103,0.00,0,0,1,2),(230,228,144,'Zenit','Defender',85.50,115,99,16.00,6,1,1,4),(231,228,355,'Barcelona','Defender',85.50,109,95,0.00,8,0,1,4),(232,232,503,'Wolfsburg','Midfielder',85.40,215,184,0.00,0,0,5,5),(233,232,9,'Paris','Forward',85.40,257,220,13.00,15,2,0,8),(234,232,104,'Real Madrid','Midfielder',85.40,395,336,20.00,15,3,1,11),(235,235,191,'Zenit','Midfielder',85.30,267,229,45.00,22,10,5,6),(236,235,70,'Liverpool','Midfielder',85.30,165,141,20.00,10,2,5,6),(237,235,679,'Paris','Goalkeeper',85.30,101,86,0.00,0,0,9,3),(238,235,63,'Man. City','Midfielder',85.30,291,254,40.00,5,2,12,8),(239,235,145,'Juventus','Defender',85.30,144,126,30.00,23,7,0,4),(240,240,242,'Inter','Midfielder',85.20,306,265,50.00,8,4,5,6),(241,240,491,'Sheriff','Midfielder',85.20,137,118,0.00,0,0,2,6),(242,242,36,'Zenit','Defender',85.00,238,202,39.00,23,9,4,5),(243,242,680,'Chelsea','Goalkeeper',85.00,208,173,0.00,0,0,7,9),(244,242,309,'Sporting CP','Midfielder',85.00,194,165,0.00,1,0,14,6),(245,242,170,'Milan','Midfielder',85.00,175,150,100.00,4,4,10,5),(246,242,575,'Wolfsburg','Defender',85.00,167,143,0.00,0,0,13,4),(247,242,457,'Real Madrid','Defender',85.00,63,55,33.00,3,1,1,3),(248,242,339,'Sevilla','Midfielder',85.00,54,46,20.00,5,1,2,4),(249,249,24,'Man. City','Midfielder',84.90,482,414,24.00,49,12,11,12),(250,250,265,'Man. United','Midfielder',84.80,262,224,50.00,2,1,5,6),(251,250,537,'Man. United','Defender',84.80,254,218,0.00,9,0,2,6),(252,250,492,'Sheriff','Defender',84.80,145,124,0.00,0,0,6,6),(253,250,449,'Malmö','Defender',84.80,162,140,0.00,0,0,4,5),(254,250,507,'Porto','Defender',84.80,52,42,0.00,0,0,3,4),(255,255,69,'Dynamo Kyiv','Midfielder',84.70,174,148,22.00,9,2,3,6),(256,256,388,'Salzburg','Defender',84.60,142,123,0.00,0,0,6,5),(257,257,78,'Zenit','Forward',84.50,179,149,23.00,21,5,5,6),(258,257,189,'Juventus','Forward',84.50,90,77,25.00,12,3,1,4),(259,257,252,'Atlético','Midfielder',84.50,242,209,0.00,1,0,9,9),(260,260,498,'Beşiktaş','Defender',84.40,177,150,14.00,14,2,3,5),(261,261,12,'Villarreal','Midfielder',84.30,657,560,56.00,37,21,52,12),(262,261,303,'Benfica','Defender',84.30,380,328,0.00,1,0,14,9),(263,261,453,'Dortmund','Defender',84.30,129,111,0.00,4,0,4,3),(264,264,17,'Bayern','Forward',84.20,329,271,30.00,42,13,0,9),(265,264,401,'Dynamo Kyiv','Defender',84.20,201,171,22.00,9,2,6,5),(266,264,136,'Atalanta','Midfielder',84.20,360,307,33.00,3,1,11,6),(267,264,74,'Paris','Forward',84.20,259,223,0.00,5,0,5,6),(268,264,413,'Club Brugge','Defender',84.20,175,148,0.00,1,0,9,6),(269,269,323,'Sporting CP','Defender',84.10,224,192,16.00,6,1,6,8),(270,270,128,'Barcelona','Defender',84.00,301,251,30.00,30,9,7,5),(271,270,681,'Juventus','Goalkeeper',84.00,176,145,0.00,0,0,8,7),(272,270,599,'Sporting CP','Midfielder',84.00,74,65,50.00,2,1,3,4),(273,270,533,'Young Boys','Defender',84.00,68,57,0.00,1,0,1,1),(274,270,314,'Barcelona','Forward',84.00,66,52,0.00,3,0,1,4),(275,270,518,'Benfica','Midfielder',84.00,41,35,0.00,0,0,3,3),(276,270,478,'Milan','Forward',84.00,35,26,25.00,4,1,2,2),(277,270,682,'Zenit','Goalkeeper',84.00,33,27,0.00,0,0,1,2),(278,278,120,'Ajax','Defender',83.90,439,368,53.00,15,8,17,8),(279,278,35,'Chelsea','Midfielder',83.90,268,225,25.00,27,7,2,7),(280,280,90,'Club Brugge','Midfielder',83.80,288,241,100.00,1,1,7,6),(281,280,31,'Leipzig','Forward',83.80,164,132,53.00,13,7,5,6),(282,280,49,'Leipzig','Forward',83.80,99,82,66.00,3,2,1,6),(283,280,279,'Sevilla','Forward',83.80,176,148,13.00,15,2,1,5),(284,280,683,'Paris','Goalkeeper',83.80,153,128,0.00,0,0,13,5),(285,280,108,'Liverpool','Forward',83.80,341,282,18.00,11,2,0,13),(286,286,55,'Sporting CP','Midfielder',83.70,211,177,0.00,0,0,11,6),(287,287,386,'Paris','Defender',83.60,258,220,16.00,12,2,3,8),(288,287,135,'Real Madrid','Midfielder',83.60,239,207,25.00,12,3,2,8),(289,287,127,'Atalanta','Defender',83.60,245,207,0.00,0,0,12,5),(290,287,326,'Dortmund','Midfielder',83.60,240,198,26.00,19,5,5,5),(291,291,417,'Sevilla','Defender',83.50,249,209,31.00,19,6,3,4),(292,291,158,'Dortmund','Defender',83.50,129,110,100.00,3,3,1,4),(293,291,378,'Porto','Midfielder',83.50,112,96,0.00,1,0,2,4),(294,291,584,'Benfica','Midfielder',83.50,149,127,0.00,4,0,6,9),(295,295,489,'LOSC','Defender',83.40,276,236,0.00,3,0,3,7),(296,295,115,'Bayern','Midfielder',83.40,168,141,0.00,2,0,0,8),(297,297,30,'Beşiktaş','Midfielder',83.30,216,182,60.00,10,6,19,3),(298,297,408,'Inter','Defender',83.30,38,31,0.00,0,0,2,3),(299,297,146,'Benfica','Defender',83.30,424,360,0.00,1,0,9,10),(300,297,307,'Atalanta','Defender',83.30,231,189,50.00,10,5,5,4),(301,301,534,'Villarreal','Defender',83.20,282,229,28.00,14,4,3,10),(302,301,95,'Young Boys','Midfielder',83.20,192,159,11.00,18,2,1,6),(303,301,142,'Villarreal','Midfielder',83.20,83,62,25.00,4,1,0,6),(304,304,87,'Real Madrid','Forward',83.10,523,433,20.00,10,2,4,12),(305,304,2,'Real Madrid','Forward',83.10,451,377,31.00,19,6,0,13),(306,306,564,'Malmö','Defender',83.00,225,191,0.00,0,0,10,5),(307,306,81,'Dortmund','Midfielder',83.00,215,182,7.00,14,1,8,6),(308,306,125,'Juventus','Midfielder',83.00,206,176,0.00,4,0,0,5),(309,306,566,'Atalanta','Defender',83.00,191,160,100.00,1,1,6,5),(310,306,416,'Man. United','Midfielder',83.00,191,157,66.00,3,2,2,6),(311,306,430,'Benfica','Defender',83.00,111,93,0.00,0,0,6,3),(312,306,684,'Shakhtar Donetsk','Goalkeeper',83.00,94,78,0.00,0,0,5,3),(313,306,79,'Club Brugge','Midfielder',83.00,80,68,20.00,10,2,5,4),(314,306,554,'Beşiktaş','Midfielder',83.00,41,34,0.00,1,0,0,1),(315,306,251,'Barcelona','Forward',83.00,35,29,0.00,0,0,0,3),(316,316,437,'LOSC','Midfielder',82.80,95,76,0.00,0,0,1,8),(317,316,424,'Malmö','Forward',82.80,33,26,0.00,1,0,0,4),(318,318,6,'Man. City','Midfielder',82.60,397,334,26.00,41,11,18,10),(319,319,282,'Villarreal','Midfielder',82.50,204,170,0.00,3,0,1,6),(320,319,156,'Man. United','Midfielder',82.50,49,42,0.00,0,0,0,4),(321,321,194,'LOSC','Forward',82.40,148,122,100.00,3,3,1,8),(322,322,685,'Young Boys','Goalkeeper',82.30,122,100,0.00,0,0,2,3),(323,322,336,'Villarreal','Defender',82.30,135,110,100.00,2,2,2,7),(324,322,508,'Atlético','Midfielder',82.30,121,102,0.00,6,0,6,4),(325,322,472,'Man. United','Midfielder',82.30,117,102,0.00,0,0,1,4),(326,322,230,'Chelsea','Defender',82.30,87,71,26.00,15,4,1,4),(327,327,200,'Atalanta','Midfielder',82.20,143,114,41.00,31,13,6,5),(328,327,665,'Sevilla','Goalkeeper',82.20,185,152,0.00,1,0,12,6),(329,329,327,'Villarreal','Defender',82.10,347,290,0.00,1,0,8,10),(330,330,278,'LOSC','Midfielder',82.00,352,289,0.00,4,0,7,7),(331,330,65,'Ajax','Forward',82.00,277,229,32.00,28,9,2,8),(332,330,335,'Villarreal','Midfielder',82.00,150,124,50.00,2,1,1,8),(333,330,585,'Dynamo Kyiv','Defender',82.00,129,106,16.00,6,1,6,5),(334,330,226,'Sevilla','Forward',82.00,99,81,23.00,17,4,2,4),(335,330,528,'Beşiktaş','Defender',82.00,22,18,0.00,0,0,2,1),(336,336,4,'Ajax','Forward',81.90,322,262,18.00,27,5,2,7),(337,337,423,'Wolfsburg','Defender',81.80,284,232,0.00,0,0,22,6),(338,337,204,'Young Boys','Forward',81.80,118,96,7.00,14,1,2,6),(339,337,118,'Atalanta','Defender',81.80,217,184,0.00,8,0,0,5),(340,340,37,'Zenit','Defender',81.70,348,287,28.00,14,4,20,6),(341,341,442,'Atalanta','Midfielder',81.50,298,245,0.00,1,0,6,6),(342,341,565,'Beşiktaş','Defender',81.50,183,158,0.00,4,0,7,4),(343,343,322,'LOSC','Forward',81.30,218,174,40.00,25,10,8,6),(344,343,368,'Sheriff','Defender',81.30,195,162,0.00,0,0,11,6),(345,343,545,'Beşiktaş','Defender',81.30,161,134,41.00,12,5,0,3),(346,343,243,'Villarreal','Midfielder',81.30,142,116,0.00,2,0,4,9),(347,343,92,'Atlético','Forward',81.30,160,131,50.00,2,1,0,8),(348,343,82,'Shakhtar Donetsk','Midfielder',81.30,153,127,50.00,4,2,4,4),(349,349,686,'Leipzig','Goalkeeper',81.20,182,145,0.00,0,0,21,5),(350,349,400,'Zenit','Midfielder',81.20,49,38,16.00,6,1,0,5),(351,349,71,'Sheriff','Midfielder',81.20,206,167,23.00,17,4,18,6),(352,349,141,'Leipzig','Midfielder',81.20,187,149,16.00,6,1,4,6),(353,349,51,'Liverpool','Forward',81.20,426,346,9.00,11,1,1,13),(354,354,488,'Man. United','Midfielder',81.10,152,132,0.00,1,0,6,8),(355,354,178,'Inter','Forward',81.10,121,97,0.00,1,0,0,8),(356,354,83,'Atlético','Midfielder',81.10,308,252,0.00,3,0,6,9),(357,354,25,'Liverpool','Defender',81.10,628,512,25.00,63,16,22,10),(358,354,687,'LOSC','Defender',81.10,364,302,30.00,10,3,11,10),(359,354,13,'Benfica','Defender',81.10,319,257,41.00,34,14,21,10),(360,354,29,'Man. City','Midfielder',81.10,287,238,26.00,23,6,3,11),(361,361,448,'Atlético','Defender',81.00,191,158,0.00,0,0,9,5),(362,361,284,'LOSC','Forward',81.00,66,51,25.00,4,1,0,5),(363,361,601,'Milan','Defender',81.00,31,27,0.00,1,0,1,2),(364,361,688,'Sheriff','Goalkeeper',81.00,31,25,0.00,0,0,2,1),(365,365,273,'Malmö','Midfielder',80.80,193,163,16.00,12,2,11,4),(366,365,105,'Ajax','Forward',80.80,162,134,0.00,0,0,0,8),(367,367,394,'Atlético','Midfielder',80.70,249,212,10.00,10,1,1,9),(368,367,586,'Beşiktaş','Defender',80.70,88,71,50.00,2,1,2,3),(369,367,379,'Dortmund','Midfielder',80.70,66,54,33.00,6,2,1,3),(370,370,100,'Liverpool','Forward',80.50,234,189,0.00,1,0,0,11),(371,370,285,'Sevilla','Forward',80.50,49,41,100.00,1,1,1,4),(372,372,311,'LOSC','Midfielder',80.40,204,163,11.00,9,1,5,5),(373,372,297,'Malmö','Midfielder',80.40,170,138,20.00,5,1,6,5),(374,372,290,'Dynamo Kyiv','Midfielder',80.40,101,84,50.00,2,1,0,5),(375,372,195,'Shakhtar Donetsk','Midfielder',80.40,77,63,0.00,1,0,0,5),(376,376,258,'Barcelona','Forward',80.30,254,203,37.00,40,15,8,6),(377,376,343,'Paris','Midfielder',80.30,224,199,50.00,2,1,3,6),(378,376,315,'Man. United','Defender',80.30,135,115,33.00,6,2,2,3),(379,376,324,'LOSC','Midfielder',80.30,218,180,33.00,9,3,16,7),(380,376,132,'Chelsea','Forward',80.30,252,229,42.00,7,3,2,8),(381,381,576,'Malmö','Defender',80.20,163,139,0.00,0,0,4,5),(382,382,5,'Liverpool','Defender',80.00,685,556,29.00,81,24,28,9),(383,382,469,'Wolfsburg','Midfielder',80.00,95,77,50.00,6,3,1,4),(384,382,456,'Barcelona','Midfielder',80.00,77,62,0.00,5,0,0,3),(385,382,107,'Inter','Forward',80.00,67,54,0.00,0,0,0,6),(386,386,42,'Man. United','Defender',79.80,233,190,29.00,17,5,6,5),(387,386,276,'Young Boys','Defender',79.80,226,184,30.00,23,7,6,5),(388,386,561,'Club Brugge','Midfielder',79.80,155,124,0.00,2,0,1,5),(389,386,214,'Wolfsburg','Forward',79.80,66,50,0.00,1,0,0,5),(390,386,361,'Benfica','Defender',79.80,291,232,30.00,13,4,9,9),(391,386,44,'Atlético','Forward',79.80,191,151,42.00,7,3,1,9),(392,386,109,'Inter','Midfielder',79.80,219,168,25.00,47,12,0,8),(393,386,293,'Leipzig','Midfielder',79.80,105,85,44.00,9,4,5,4),(394,394,249,'Atlético','Forward',79.70,148,117,21.00,14,3,11,7),(395,395,296,'Sheriff','Midfielder',79.60,90,73,25.00,8,2,1,5),(396,395,155,'Atalanta','Midfielder',79.60,71,57,0.00,1,0,1,5),(397,397,475,'Sevilla','Midfielder',79.50,122,105,20.00,5,1,2,4),(398,397,312,'Porto','Forward',79.50,72,58,0.00,1,0,0,4),(399,397,201,'Chelsea','Forward',79.50,61,49,75.00,4,3,0,6),(400,400,420,'Paris','Midfielder',79.40,199,185,0.00,0,0,5,7),(401,401,381,'Wolfsburg','Forward',79.30,70,53,50.00,2,1,0,6),(402,401,348,'Malmö','Midfielder',79.30,68,55,0.00,1,0,1,3),(403,403,94,'Sevilla','Midfielder',79.20,165,133,21.00,19,4,1,6),(404,404,21,'Bayern','Forward',79.10,206,163,10.00,10,1,1,10),(405,405,227,'Salzburg','Defender',79.00,314,255,0.00,2,0,12,7),(406,405,98,'Liverpool','Midfielder',79.00,278,219,30.00,10,3,1,13),(407,405,689,'Juventus','Goalkeeper',79.00,19,15,0.00,0,0,0,1),(408,408,14,'Bayern','Forward',78.90,366,283,28.00,25,7,1,10),(409,408,280,'Atlético','Defender',78.90,211,175,0.00,0,0,10,7),(410,408,183,'Juventus','Forward',78.90,137,108,0.00,4,0,0,7),(411,411,45,'Atlético','Defender',78.80,164,128,25.00,20,5,5,10),(412,411,131,'Milan','Midfielder',78.80,124,98,0.00,1,0,1,5),(413,413,15,'Wolfsburg','Midfielder',78.70,266,210,38.00,18,7,25,6),(414,413,690,'Club Brugge','Goalkeeper',78.70,216,166,0.00,0,0,18,6),(415,413,497,'Wolfsburg','Defender',78.70,131,103,0.00,7,0,0,6),(416,413,212,'Benfica','Forward',78.70,115,87,44.00,9,4,0,9),(417,417,41,'Villarreal','Midfielder',78.60,165,128,38.00,13,5,0,11),(418,417,86,'Milan','Defender',78.60,215,172,31.00,16,5,7,5),(419,417,28,'Liverpool','Defender',78.60,201,165,22.00,40,9,8,5),(420,420,440,'Milan','Midfielder',78.50,184,148,33.00,9,3,14,6),(421,420,236,'Dynamo Kyiv','Midfielder',78.50,88,69,0.00,2,0,0,6),(422,420,591,'Beşiktaş','Defender',78.50,57,44,0.00,2,0,1,2),(423,423,209,'Man. United','Forward',78.40,110,91,20.00,5,1,1,5),(424,424,139,'Benfica','Forward',78.30,101,76,0.00,0,0,1,7),(425,425,1,'Man. United','Midfielder',78.20,324,250,21.00,28,6,11,7),(426,426,122,'LOSC','Defender',78.00,297,233,33.00,12,4,9,7),(427,426,88,'Atalanta','Midfielder',78.00,130,101,57.00,7,4,8,4),(428,426,116,'Sheriff','Midfielder',78.00,105,83,33.00,3,1,1,6),(429,426,218,'Beşiktaş','Forward',78.00,100,78,0.00,1,0,0,5),(430,426,691,'Sporting CP','Goalkeeper',78.00,36,28,0.00,0,0,1,1),(431,431,574,'Sevilla','Defender',77.80,275,214,40.00,30,12,15,5),(432,431,263,'Chelsea','Midfielder',77.80,92,79,0.00,9,0,0,5),(433,433,46,'Real Madrid','Forward',77.60,209,183,38.00,13,5,3,11),(434,433,76,'Sevilla','Midfielder',77.60,148,124,21.00,14,3,14,5),(435,433,53,'Chelsea','Forward',77.60,71,58,0.00,3,0,0,5),(436,436,318,'Milan','Midfielder',77.50,182,141,28.00,7,2,1,6),(437,436,240,'Malmö','Forward',77.50,76,59,0.00,2,0,0,6),(438,438,121,'Dortmund','Defender',77.30,271,212,5.00,18,1,3,6),(439,438,692,'Zenit','Goalkeeper',77.30,97,74,0.00,0,0,9,4),(440,440,219,'Club Brugge','Midfielder',77.20,129,101,33.00,3,1,3,6),(441,440,137,'Inter','Defender',77.20,124,93,14.00,14,2,0,7),(442,442,397,'Porto','Midfielder',77.00,127,96,45.00,20,9,13,6),(443,442,455,'Paris','Forward',77.00,76,68,0.00,1,0,0,3),(444,442,594,'Porto','Forward',77.00,76,55,28.00,7,2,2,4),(445,442,259,'Juventus','Forward',77.00,29,22,0.00,1,0,0,2),(446,446,26,'Chelsea','Midfielder',76.80,240,186,26.00,41,11,3,9),(447,447,169,'Ajax','Midfielder',76.70,108,94,50.00,2,1,0,7),(448,447,291,'Villarreal','Forward',76.70,106,88,0.00,5,0,0,7),(449,447,693,'Real Madrid','Goalkeeper',76.70,483,365,0.00,0,0,27,13),(450,450,152,'Porto','Midfielder',76.50,131,110,0.00,0,0,2,6),(451,450,123,'LOSC','Midfielder',76.50,54,40,50.00,2,1,0,4),(452,452,199,'Dortmund','Forward',76.30,137,107,33.00,6,2,2,6),(453,452,165,'Ajax','Defender',76.30,69,57,16.00,6,1,1,3),(454,452,509,'Milan','Defender',76.30,120,91,25.00,8,2,6,4),(455,455,350,'Sheriff','Midfielder',76.20,82,63,50.00,6,3,2,6),(456,456,40,'Salzburg','Midfielder',76.10,239,181,27.00,18,5,4,8),(457,456,75,'Atlético','Midfielder',76.10,171,133,28.00,14,4,0,8),(458,456,102,'Benfica','Forward',76.10,187,145,37.00,8,3,2,9),(459,459,441,'Atlético','Defender',76.00,165,127,0.00,3,0,8,6),(460,459,694,'Atalanta','Goalkeeper',76.00,158,120,0.00,0,0,11,6),(461,461,190,'Atlético','Midfielder',75.80,293,228,29.00,17,5,19,9),(462,461,474,'Dynamo Kyiv','Defender',75.80,94,75,0.00,3,0,2,4),(463,463,38,'Ajax','Forward',75.70,303,231,43.00,44,19,8,7),(464,464,62,'Sporting CP','Defender',75.60,171,146,33.00,3,1,7,8),(465,464,260,'Milan','Forward',75.60,48,36,0.00,3,0,0,5),(466,466,463,'Liverpool','Defender',75.40,200,173,0.00,1,0,2,7),(467,466,588,'Beşiktaş','Midfielder',75.40,57,50,0.00,3,0,0,5),(468,468,432,'Wolfsburg','Defender',75.30,86,68,0.00,0,0,2,3),(469,468,573,'Porto','Forward',75.30,126,95,11.00,9,1,7,4),(470,468,468,'Sevilla','Defender',75.30,123,103,18.00,11,2,0,4),(471,468,373,'Club Brugge','Defender',75.30,61,47,25.00,4,1,1,4),(472,472,143,'Club Brugge','Defender',75.00,96,74,25.00,4,1,1,4),(473,472,225,'Wolfsburg','Forward',75.00,92,69,0.00,0,0,0,5),(474,472,130,'Malmö','Midfielder',75.00,92,66,33.00,3,1,3,6),(475,472,695,'Chelsea','Goalkeeper',75.00,28,21,0.00,0,0,2,1),(476,476,267,'Wolfsburg','Midfielder',74.80,84,66,50.00,2,1,0,5),(477,476,99,'Sporting CP','Forward',74.80,139,105,0.00,3,0,0,8),(478,476,425,'Beşiktaş','Midfielder',74.80,52,39,100.00,1,1,1,4),(479,479,149,'Liverpool','Forward',74.70,47,35,0.00,3,0,0,7),(480,479,151,'Young Boys','Defender',74.70,204,154,30.00,20,6,3,6),(481,481,696,'Man. United','Goalkeeper',74.60,164,121,0.00,0,0,9,7),(482,482,433,'Wolfsburg','Forward',74.30,30,25,0.00,0,0,0,3),(483,482,391,'Atalanta','Midfielder',74.30,100,78,33.00,3,1,1,4),(484,484,91,'Sporting CP','Midfielder',74.00,76,58,20.00,5,1,4,4),(485,484,697,'Dynamo Kyiv','Goalkeeper',74.00,31,23,0.00,0,0,2,1),(486,486,698,'Benfica','Goalkeeper',73.80,345,247,0.00,0,0,52,10),(487,487,494,'Porto','Defender',73.70,152,112,25.00,8,2,3,6),(488,487,516,'Young Boys','Defender',73.70,57,47,0.00,7,0,1,3),(489,489,43,'Bayern','Forward',73.60,231,194,20.00,10,2,0,8),(490,489,52,'LOSC','Midfielder',73.60,97,75,0.00,0,0,1,5),(491,489,490,'Atlético','Defender',73.60,195,168,0.00,0,0,5,7),(492,492,103,'Milan','Forward',73.50,57,42,27.00,11,3,0,4),(493,493,699,'Salzburg','Goalkeeper',73.40,220,156,0.00,0,0,25,8),(494,494,23,'Sheriff','Defender',73.30,159,117,42.00,21,9,4,6),(495,494,600,'Atlético','Defender',73.30,95,70,20.00,5,1,2,3),(496,496,207,'Beşiktaş','Forward',73.20,88,66,0.00,2,0,0,5),(497,497,77,'Club Brugge','Forward',73.00,157,116,30.00,13,4,2,6),(498,497,358,'Liverpool','Defender',73.00,100,76,42.00,7,3,1,3),(499,497,700,'Young Boys','Goalkeeper',73.00,85,59,0.00,0,0,5,3),(500,497,316,'Barcelona','Forward',73.00,57,41,20.00,10,2,0,3),(501,501,111,'Inter','Forward',72.90,157,116,0.00,6,0,1,7),(502,502,464,'Malmö','Defender',72.80,105,82,12.00,8,1,5,6),(503,503,150,'Leipzig','Defender',72.70,196,144,13.00,15,2,10,6),(504,504,39,'Real Madrid','Forward',72.60,89,75,25.00,4,1,1,8),(505,505,16,'Leipzig','Defender',72.40,180,132,26.00,30,8,10,5),(506,505,262,'Young Boys','Midfielder',72.40,114,86,60.00,5,3,4,5),(507,505,354,'Sheriff','Midfielder',72.40,27,24,0.00,0,0,0,5),(508,508,340,'Sheriff','Forward',72.30,37,31,0.00,0,0,0,3),(509,509,344,'Malmö','Midfielder',72.20,67,48,50.00,2,1,4,6),(510,510,701,'Milan','Goalkeeper',72.00,114,83,0.00,0,0,11,3),(511,511,493,'Sporting CP','Defender',71.50,259,229,0.00,0,0,7,6),(512,511,244,'Sporting CP','Forward',71.50,140,98,53.00,13,7,4,8),(513,511,460,'Sheriff','Midfielder',71.50,88,66,0.00,1,0,0,6),(514,511,661,'Sporting CP','Forward',71.50,23,17,0.00,1,0,0,2),(515,515,702,'Wolfsburg','Goalkeeper',71.40,182,129,0.00,0,0,10,5),(516,516,67,'Club Brugge','Forward',71.30,214,152,4.00,24,1,8,6),(517,517,703,'Dynamo Kyiv','Goalkeeper',71.00,200,142,0.00,0,0,18,5),(518,518,514,'Young Boys','Defender',70.70,95,65,50.00,4,2,2,3),(519,519,544,'Sevilla','Midfielder',70.50,76,61,0.00,0,0,1,4),(520,519,382,'Dynamo Kyiv','Defender',70.50,57,44,25.00,4,1,3,6),(521,519,341,'Atalanta','Midfielder',70.50,56,43,0.00,0,0,0,2),(522,519,704,'LOSC','Goalkeeper',70.50,37,26,0.00,0,0,2,2),(523,523,396,'Club Brugge','Defender',70.30,200,144,27.00,11,3,10,6),(524,523,301,'Dynamo Kyiv','Midfielder',70.30,124,87,10.00,10,1,3,6),(525,523,93,'Porto','Forward',70.30,108,75,0.00,1,0,0,6),(526,526,705,'Beşiktaş','Goalkeeper',70.20,145,101,0.00,0,0,7,5),(527,526,706,'Sporting CP','Goalkeeper',70.20,233,166,0.00,0,0,34,7),(528,528,255,'Porto','Midfielder',70.00,197,149,56.00,16,9,4,6),(529,528,20,'Atalanta','Forward',70.00,130,92,20.00,5,1,0,6),(530,528,186,'Benfica','Forward',70.00,103,71,0.00,1,0,0,10),(531,528,451,'LOSC','Defender',70.00,76,53,0.00,9,0,2,4),(532,532,80,'Young Boys','Midfielder',69.70,98,69,11.00,9,1,3,6),(533,533,72,'Paris','Forward',69.60,154,135,28.00,7,2,4,5),(534,534,402,'Benfica','Midfielder',69.40,42,35,20.00,5,1,1,5),(535,535,707,'Sheriff','Goalkeeper',69.20,154,106,0.00,0,0,10,5),(536,536,64,'Salzburg','Midfielder',69.00,258,190,20.00,25,5,9,8),(537,536,223,'Beşiktaş','Midfielder',69.00,161,113,14.00,14,2,3,5),(538,538,163,'Milan','Defender',68.80,79,57,50.00,6,3,2,5),(539,538,587,'Club Brugge','Defender',68.80,58,40,28.00,7,2,2,5),(540,540,414,'Wolfsburg','Midfielder',68.70,144,99,11.00,9,1,2,6),(541,541,206,'Young Boys','Forward',68.30,64,51,0.00,0,0,0,6),(542,542,708,'Villarreal','Goalkeeper',68.20,489,332,0.00,0,0,53,12),(543,543,607,'Beşiktaş','Midfielder',68.00,55,37,50.00,2,1,4,3),(544,544,513,'Dynamo Kyiv','Midfielder',67.70,28,21,0.00,2,0,0,3),(545,545,245,'Salzburg','Forward',67.30,58,40,100.00,1,1,1,6),(546,545,510,'Malmö','Defender',67.30,86,67,60.00,5,3,6,4),(547,547,256,'Club Brugge','Forward',67.20,110,77,7.00,14,1,0,5),(548,548,224,'Atlético','Forward',67.00,84,57,0.00,3,0,2,7),(549,549,269,'Salzburg','Defender',66.90,277,187,0.00,16,0,5,8),(550,549,198,'Salzburg','Midfielder',66.90,194,153,21.00,14,3,4,8),(551,551,631,'LOSC','Forward',66.60,130,91,16.00,12,2,9,7),(552,551,535,'Salzburg','Midfielder',66.60,112,78,25.00,8,2,4,7),(553,553,581,'Wolfsburg','Defender',66.30,72,48,0.00,8,0,0,4),(554,554,10,'Villarreal','Forward',66.20,163,110,16.00,6,1,2,7),(555,555,709,'Beşiktaş','Goalkeeper',66.00,38,25,0.00,0,0,1,1),(556,556,112,'Zenit','Forward',65.80,61,39,0.00,0,0,0,6),(557,556,110,'Salzburg','Defender',65.80,282,191,0.00,12,0,1,8),(558,558,216,'Atlético','Forward',65.60,139,107,28.00,7,2,1,10),(559,558,403,'Atlético','Defender',65.60,80,55,20.00,5,1,1,5),(560,560,439,'Sheriff','Defender',65.50,136,92,18.00,11,2,4,6),(561,561,222,'Sporting CP','Defender',65.40,207,135,8.00,25,2,6,7),(562,562,353,'Dortmund','Midfielder',65.20,66,50,25.00,8,2,0,5),(563,563,461,'Beşiktaş','Forward',65.00,74,56,0.00,1,0,0,5),(564,563,220,'Atalanta','Forward',65.00,59,48,0.00,5,0,2,5),(565,565,710,'Porto','Goalkeeper',64.80,269,173,0.00,0,0,33,6),(566,565,496,'Wolfsburg','Defender',64.80,141,96,31.00,16,5,4,6),(567,567,582,'Malmö','Midfielder',64.20,162,104,28.00,7,2,0,5),(568,567,34,'Sporting CP','Midfielder',64.20,83,54,62.00,8,5,1,5),(569,569,643,'Dynamo Kyiv','Forward',64.00,22,14,0.00,0,0,0,2),(570,570,171,'Wolfsburg','Midfielder',63.00,61,44,66.00,3,2,0,5),(571,571,624,'Inter','Midfielder',62.50,40,29,0.00,1,0,0,4),(572,572,334,'Villarreal','Midfielder',62.30,50,37,0.00,2,0,1,9),(573,573,450,'Inter','Defender',62.00,57,41,20.00,5,1,1,5),(574,573,711,'Wolfsburg','Goalkeeper',62.00,40,25,0.00,0,0,0,1),(575,573,393,'Milan','Forward',62.00,21,13,0.00,2,0,0,2),(576,576,134,'Villarreal','Midfielder',61.40,195,151,15.00,19,3,0,10),(577,577,712,'Malmö','Goalkeeper',61.30,66,48,0.00,0,0,4,3),(578,577,289,'Man. United','Forward',61.30,47,31,0.00,1,0,1,3),(579,579,362,'Benfica','Midfielder',61.00,61,43,16.00,6,1,5,6),(580,580,606,'Porto','Defender',60.50,53,36,0.00,1,0,1,2),(581,581,300,'Salzburg','Forward',60.40,59,32,0.00,1,0,0,8),(582,582,395,'Sporting CP','Forward',60.10,72,49,11.00,9,1,1,7),(583,583,577,'Malmö','Defender',60.00,86,77,0.00,0,0,4,3),(584,584,162,'Sevilla','Forward',58.80,46,29,50.00,2,1,0,6),(585,585,73,'Atalanta','Midfielder',57.80,135,106,25.00,12,3,4,5),(586,586,84,'Liverpool','Midfielder',57.50,157,116,22.00,9,2,7,8),(587,586,458,'Dortmund','Forward',57.50,19,9,0.00,0,0,0,2),(588,588,213,'Juventus','Forward',57.20,44,29,0.00,0,0,0,6),(589,589,410,'Man. United','Midfielder',57.00,55,47,0.00,2,0,4,3),(590,590,306,'Sporting CP','Forward',56.80,27,20,33.00,3,1,0,5),(591,591,187,'Benfica','Forward',56.40,117,67,22.00,18,4,2,10),(592,592,713,'Atlético','Goalkeeper',55.70,283,158,0.00,0,0,31,10),(593,593,268,'Villarreal','Forward',54.40,46,35,0.00,0,0,1,8),(594,594,617,'Benfica','Midfielder',54.00,47,38,0.00,0,0,2,6),(595,594,714,'Leipzig','Goalkeeper',54.00,28,15,0.00,0,0,3,1),(596,596,126,'Zenit','Forward',53.60,56,38,50.00,2,1,0,5),(597,597,129,'Salzburg','Forward',53.10,90,49,28.00,7,2,1,8),(598,598,662,'Malmö','Goalkeeper',53.00,98,52,0.00,0,0,13,4),(599,599,298,'Sheriff','Forward',52.70,37,22,0.00,1,0,0,3),(600,600,232,'Salzburg','Midfielder',51.00,80,51,0.00,4,0,0,6),(601,601,715,'LOSC','Goalkeeper',50.70,165,85,0.00,0,0,24,6),(602,602,157,'Leipzig','Forward',46.80,43,27,0.00,1,0,0,4),(603,603,192,'Dortmund','Forward',46.70,50,27,0.00,1,0,0,3),(604,604,610,'Liverpool','Defender',44.50,37,33,0.00,0,0,1,2),(605,605,526,'Wolfsburg','Forward',44.00,9,7,0.00,0,0,1,2),(606,606,630,'Leipzig','Forward',42.60,23,13,0.00,2,0,0,5),(607,607,480,'Shakhtar Donetsk','Forward',36.50,22,16,0.00,0,0,0,2),(608,608,383,'Dynamo Kyiv','Midfielder',35.70,26,18,0.00,0,0,0,3);
/*!40000 ALTER TABLE `distributon` ENABLE KEYS */;
UNLOCK TABLES;

--
-- Table structure for table `goalkeeping`
--

DROP TABLE IF EXISTS `goalkeeping`;
/*!40101 SET @saved_cs_client     = @@character_set_client */;
/*!50503 SET character_set_client = utf8mb4 */;
CREATE TABLE `goalkeeping` (
  `ID` int NOT NULL AUTO_INCREMENT,
  `ranking` int DEFAULT NULL,
  `player_ID` int DEFAULT NULL,
  `club` varchar(255) DEFAULT NULL,
  `position` varchar(50) DEFAULT NULL,
  `saved` int DEFAULT NULL,
  `conceded` int DEFAULT NULL,
  `saved_penalties` int DEFAULT NULL,
  `cleansheets` int DEFAULT NULL,
  `punches_made` int DEFAULT NULL,
  `match_played` int DEFAULT NULL,
  PRIMARY KEY (`ID`),
  KEY `fk_goalkeeping` (`player_ID`),
  CONSTRAINT `fk_goalkeeping` FOREIGN KEY (`player_ID`) REFERENCES `players` (`ID`)
) ENGINE=InnoDB AUTO_INCREMENT=64 DEFAULT CHARSET=utf8mb4 COLLATE=utf8mb4_0900_ai_ci;
/*!40101 SET character_set_client = @saved_cs_client */;

--
-- Dumping data for table `goalkeeping`
--

LOCK TABLES `goalkeeping` WRITE;
/*!40000 ALTER TABLE `goalkeeping` DISABLE KEYS */;
INSERT INTO `goalkeeping` VALUES (1,1,693,'Real Madrid','Goalkeeper',61,14,1,5,4,13),(2,2,708,'Villarreal','Goalkeeper',41,16,0,3,12,12),(3,3,698,'Benfica','Goalkeeper',38,17,1,5,5,10),(4,4,707,'Sheriff','Goalkeeper',29,8,0,1,2,5),(5,5,690,'Club Brugge','Goalkeeper',28,20,0,0,1,6),(6,6,713,'Atlético','Goalkeeper',26,10,0,3,2,10),(7,7,694,'Atalanta','Goalkeeper',21,13,0,1,1,6),(8,8,705,'Beşiktaş','Goalkeeper',20,17,0,0,0,5),(9,9,696,'Man. United','Goalkeeper',19,9,0,1,0,7),(10,9,662,'Malmö','Goalkeeper',19,8,1,0,3,4),(11,11,710,'Porto','Goalkeeper',18,11,0,2,2,6),(12,11,684,'Shakhtar Donetsk','Goalkeeper',18,9,0,0,0,3),(13,11,702,'Wolfsburg','Goalkeeper',18,8,0,1,2,5),(14,11,683,'Paris','Goalkeeper',18,6,1,2,9,5),(15,15,706,'Sporting CP','Goalkeeper',17,13,0,2,8,7),(16,16,699,'Salzburg','Goalkeeper',16,14,0,1,3,8),(17,16,675,'Barcelona','Goalkeeper',16,9,0,3,2,6),(18,18,674,'Liverpool','Goalkeeper',15,14,0,4,3,13),(19,19,673,'Man. City','Goalkeeper',14,14,0,4,1,11),(20,19,677,'Dortmund','Goalkeeper',14,11,1,2,1,6),(21,19,681,'Juventus','Goalkeeper',14,10,0,3,3,7),(22,19,701,'Milan','Goalkeeper',14,7,1,0,1,3),(23,19,160,'Bayern','Goalkeeper',14,6,0,4,1,9),(24,19,665,'Sevilla','Goalkeeper',14,5,0,2,1,6),(25,25,703,'Dynamo Kyiv','Goalkeeper',13,11,0,0,4,5),(26,25,678,'Ajax','Goalkeeper',13,6,0,2,2,6),(27,25,712,'Malmö','Goalkeeper',13,6,0,0,1,3),(28,25,715,'LOSC','Goalkeeper',13,4,0,3,1,6),(29,29,670,'Inter','Goalkeeper',12,7,0,3,5,8),(30,29,692,'Zenit','Goalkeeper',12,6,0,1,10,4),(31,29,685,'Young Boys','Goalkeeper',12,6,0,0,1,3),(32,32,686,'Leipzig','Goalkeeper',11,14,0,0,0,5),(33,32,679,'Paris','Goalkeeper',11,5,0,0,3,3),(34,34,680,'Chelsea','Goalkeeper',9,7,0,5,2,9),(35,34,700,'Young Boys','Goalkeeper',9,6,0,0,1,3),(36,36,672,'Milan','Goalkeeper',8,2,0,1,2,3),(37,37,688,'Sheriff','Goalkeeper',6,3,0,0,1,1),(38,38,682,'Zenit','Goalkeeper',5,4,0,0,0,2),(39,38,671,'Shakhtar Donetsk','Goalkeeper',5,2,0,2,4,3),(40,38,711,'Wolfsburg','Goalkeeper',5,2,0,0,0,1),(41,41,704,'LOSC','Goalkeeper',4,4,0,0,0,2),(42,41,695,'Chelsea','Goalkeeper',4,3,0,0,0,1),(43,41,709,'Beşiktaş','Goalkeeper',4,2,0,0,0,1),(44,41,668,'Bayern','Goalkeeper',4,1,0,0,2,1),(45,41,697,'Dynamo Kyiv','Goalkeeper',4,0,0,1,2,1),(46,46,691,'Sporting CP','Goalkeeper',3,4,0,0,0,1),(47,46,669,'Man. City','Goalkeeper',3,2,0,0,1,1),(48,46,716,'Man. United','Goalkeeper',3,1,0,0,1,1),(49,46,714,'Leipzig','Goalkeeper',3,0,0,1,0,1),(50,50,676,'Ajax','Goalkeeper',2,2,0,0,0,2),(51,50,689,'Juventus','Goalkeeper',2,0,0,1,0,1),(52,52,717,'Shakhtar Donetsk','Goalkeeper',1,1,0,0,0,1),(53,52,718,'Man. City','Goalkeeper',1,0,0,1,0,1);
/*!40000 ALTER TABLE `goalkeeping` ENABLE KEYS */;
UNLOCK TABLES;

--
-- Table structure for table `goals`
--

DROP TABLE IF EXISTS `goals`;
/*!40101 SET @saved_cs_client     = @@character_set_client */;
/*!50503 SET character_set_client = utf8mb4 */;
CREATE TABLE `goals` (
  `ID` int NOT NULL AUTO_INCREMENT,
  `ranking` int DEFAULT NULL,
  `player_ID` int DEFAULT NULL,
  `club` varchar(255) DEFAULT NULL,
  `position` varchar(50) DEFAULT NULL,
  `goals` int DEFAULT NULL,
  `right_foot` int DEFAULT NULL,
  `left_foot` int DEFAULT NULL,
  `headers` int DEFAULT NULL,
  `other` int DEFAULT NULL,
  `inside_area` int DEFAULT NULL,
  `outside_area` int DEFAULT NULL,
  `penalties` int DEFAULT NULL,
  `match_played` int DEFAULT NULL,
  PRIMARY KEY (`ID`),
  KEY `fk_goals` (`player_ID`),
  CONSTRAINT `fk_goals` FOREIGN KEY (`player_ID`) REFERENCES `players` (`ID`)
) ENGINE=InnoDB AUTO_INCREMENT=256 DEFAULT CHARSET=utf8mb4 COLLATE=utf8mb4_0900_ai_ci;
/*!40101 SET character_set_client = @saved_cs_client */;

--
-- Dumping data for table `goals`
--

LOCK TABLES `goals` WRITE;
/*!40000 ALTER TABLE `goals` DISABLE KEYS */;
INSERT INTO `goals` VALUES (1,1,87,'Real Madrid','Forward',15,11,1,3,0,13,2,3,12),(2,2,21,'Bayern','Forward',13,8,3,1,1,13,0,3,10),(3,3,105,'Ajax','Forward',11,3,4,3,1,11,0,1,8),(4,4,51,'Liverpool','Forward',8,0,8,0,0,7,1,1,13),(5,5,184,'Leipzig','Midfielder',7,3,1,3,0,7,0,0,6),(6,5,24,'Man. City','Midfielder',7,1,4,2,0,7,0,2,12),(7,7,9,'Paris','Forward',6,6,0,0,0,6,0,0,8),(8,7,187,'Benfica','Forward',6,5,0,1,0,6,0,1,10),(9,7,182,'Man. United','Forward',6,5,0,1,0,4,2,0,7),(10,7,41,'Villarreal','Midfielder',6,3,3,0,0,6,0,1,11),(11,7,3,'Bayern','Midfielder',6,1,5,0,0,3,3,0,10),(12,12,188,'Liverpool','Midfielder',5,3,1,1,0,4,1,0,6),(13,12,98,'Liverpool','Midfielder',5,2,3,0,0,5,0,0,13),(14,12,46,'Real Madrid','Forward',5,2,2,1,0,5,0,0,10),(15,12,180,'Paris','Forward',5,0,5,0,0,3,2,2,7),(16,16,101,'Man. City','Forward',4,4,0,0,0,4,0,0,8),(17,16,53,'Chelsea','Forward',4,4,0,0,0,4,0,0,5),(18,16,34,'Sporting CP','Midfielder',4,4,0,0,0,3,1,1,5),(19,16,2,'Real Madrid','Forward',4,3,1,0,0,4,0,0,13),(20,16,108,'Liverpool','Forward',4,2,1,1,0,4,0,0,13),(21,16,14,'Bayern','Forward',4,1,2,1,0,3,1,0,10),(22,16,44,'Atlético','Forward',4,0,4,0,0,4,0,0,9),(23,23,81,'Dortmund','Midfielder',3,3,0,0,0,3,0,2,6),(24,23,232,'Salzburg','Midfielder',3,3,0,0,0,3,0,0,6),(25,23,90,'Club Brugge','Midfielder',3,3,0,0,0,3,0,0,6),(26,23,20,'Atalanta','Forward',3,2,1,0,0,3,0,0,6),(27,23,631,'LOSC','Forward',3,2,1,0,0,2,1,1,7),(28,23,50,'Man. City','Forward',3,2,1,0,0,2,1,0,12),(29,23,29,'Man. City','Midfielder',3,2,0,1,0,3,0,0,11),(30,23,49,'Leipzig','Forward',3,2,0,1,0,3,0,0,6),(31,23,43,'Bayern','Forward',3,2,0,0,0,3,0,0,8),(32,23,194,'LOSC','Forward',3,1,2,0,0,3,0,1,8),(33,23,199,'Dortmund','Forward',3,1,2,0,0,3,0,0,6),(34,23,111,'Inter','Forward',3,1,1,1,0,3,0,0,7),(35,23,129,'Salzburg','Forward',3,0,3,0,0,3,0,2,8),(36,23,89,'Juventus','Forward',3,0,3,0,0,3,0,2,5),(37,23,18,'Man. City','Midfielder',3,0,3,0,0,3,0,0,11),(38,23,65,'Ajax','Forward',3,0,3,0,0,3,0,0,8),(39,23,99,'Sporting CP','Forward',3,0,3,0,0,1,2,0,8),(40,23,186,'Benfica','Forward',3,0,2,1,0,3,0,0,10),(41,23,179,'Chelsea','Midfielder',3,0,1,2,0,3,0,0,9),(42,23,192,'Dortmund','Forward',3,0,1,2,0,3,0,0,3),(43,43,48,'Chelsea','Midfielder',2,2,0,0,0,2,0,2,8),(44,43,76,'Sevilla','Midfielder',2,2,0,0,0,2,0,2,5),(45,43,117,'Chelsea','Midfielder',2,2,0,0,0,2,0,0,7),(46,43,195,'Shakhtar Donetsk','Midfielder',2,2,0,0,0,2,0,0,5),(47,43,126,'Zenit','Forward',2,2,0,0,0,2,0,0,5),(48,43,31,'Leipzig','Forward',2,2,0,0,0,1,1,1,6),(49,43,22,'Man. City','Defender',2,2,0,0,0,1,1,0,9),(50,43,244,'Sporting CP','Forward',2,1,1,0,0,2,0,1,8),(51,43,293,'Leipzig','Midfielder',2,1,1,0,0,2,0,1,4),(52,43,11,'Villarreal','Midfielder',2,1,1,0,0,2,0,0,12),(53,43,17,'Bayern','Forward',2,1,1,0,0,2,0,0,9),(54,43,183,'Juventus','Forward',2,1,1,0,0,2,0,0,7),(55,43,38,'Ajax','Forward',2,1,1,0,0,2,0,0,7),(56,43,219,'Club Brugge','Midfielder',2,1,1,0,0,2,0,0,6),(57,43,193,'Real Madrid','Midfielder',2,1,1,0,0,0,2,0,12),(58,43,6,'Man. City','Midfielder',2,1,0,1,0,2,0,0,10),(59,43,191,'Zenit','Midfielder',2,1,0,1,0,2,0,0,6),(60,43,206,'Young Boys','Forward',2,1,0,1,0,2,0,0,6),(61,43,214,'Wolfsburg','Forward',2,1,0,1,0,2,0,0,5),(62,43,334,'Villarreal','Midfielder',2,0,2,0,0,2,0,0,9),(63,43,4,'Ajax','Forward',2,0,2,0,0,2,0,0,7),(64,43,267,'Wolfsburg','Midfielder',2,0,2,0,0,2,0,0,5),(65,43,189,'Juventus','Forward',2,0,2,0,0,2,0,0,4),(66,43,10,'Villarreal','Forward',2,0,1,1,0,2,0,1,7),(67,43,116,'Sheriff','Midfielder',2,0,1,1,0,2,0,0,6),(68,43,201,'Chelsea','Forward',2,0,1,1,0,2,0,0,6),(69,43,287,'Paris','Midfielder',2,0,1,1,0,2,0,0,5),(70,43,71,'Sheriff','Midfielder',2,0,1,0,1,0,2,0,6),(71,43,247,'Liverpool','Defender',2,0,0,2,0,2,0,0,8),(72,43,239,'Sporting CP','Defender',2,0,0,2,0,2,0,0,6),(73,73,224,'Atlético','Forward',1,1,0,0,0,1,0,1,7),(74,73,397,'Porto','Midfielder',1,1,0,0,0,1,0,1,6),(75,73,274,'Liverpool','Midfielder',1,1,0,0,0,1,0,0,13),(76,73,302,'Villarreal','Defender',1,1,0,0,0,1,0,0,12),(77,73,216,'Atlético','Forward',1,1,0,0,0,1,0,0,10),(78,73,361,'Benfica','Defender',1,1,0,0,0,1,0,0,9),(79,73,190,'Atlético','Midfielder',1,1,0,0,0,1,0,0,9),(80,73,102,'Benfica','Forward',1,1,0,0,0,1,0,0,9),(81,73,243,'Villarreal','Midfielder',1,1,0,0,0,1,0,0,9),(82,73,147,'Chelsea','Defender',1,1,0,0,0,1,0,0,9),(83,73,268,'Villarreal','Forward',1,1,0,0,0,1,0,0,8),(84,73,300,'Salzburg','Forward',1,1,0,0,0,1,0,0,8),(85,73,161,'Chelsea','Defender',1,1,0,0,0,1,0,0,8),(86,73,205,'Inter','Defender',1,1,0,0,0,1,0,0,8),(87,73,203,'Inter','Midfielder',1,1,0,0,0,1,0,0,8),(88,73,139,'Benfica','Forward',1,1,0,0,0,1,0,0,7),(89,73,261,'Man. United','Midfielder',1,1,0,0,0,1,0,0,7),(90,73,35,'Chelsea','Midfielder',1,1,0,0,0,1,0,0,7),(91,73,85,'Man. City','Midfielder',1,1,0,0,0,1,0,0,7),(92,73,169,'Ajax','Midfielder',1,1,0,0,0,1,0,0,7),(93,73,292,'Paris','Midfielder',1,1,0,0,0,1,0,0,7),(94,73,412,'Man. City','Defender',1,1,0,0,0,1,0,0,7),(95,73,204,'Young Boys','Forward',1,1,0,0,0,1,0,0,6),(96,73,19,'Dortmund','Midfielder',1,1,0,0,0,1,0,0,6),(97,73,233,'Zenit','Midfielder',1,1,0,0,0,1,0,0,6),(98,73,150,'Leipzig','Defender',1,1,0,0,0,1,0,0,6),(99,73,196,'Chelsea','Defender',1,1,0,0,0,1,0,0,6),(100,73,95,'Young Boys','Midfielder',1,1,0,0,0,1,0,0,6),(101,73,414,'Wolfsburg','Midfielder',1,1,0,0,0,1,0,0,6),(102,73,162,'Sevilla','Forward',1,1,0,0,0,1,0,0,6),(103,73,295,'Man. United','Defender',1,1,0,0,0,1,0,0,6),(104,73,94,'Sevilla','Midfielder',1,1,0,0,0,1,0,0,6),(105,73,136,'Atalanta','Midfielder',1,1,0,0,0,1,0,0,6),(106,73,288,'Inter','Defender',1,1,0,0,0,1,0,0,6),(107,73,107,'Inter','Forward',1,1,0,0,0,1,0,0,6),(108,73,236,'Dynamo Kyiv','Midfielder',1,1,0,0,0,1,0,0,6),(109,73,399,'Barcelona','Defender',1,1,0,0,0,1,0,0,5),(110,73,209,'Man. United','Forward',1,1,0,0,0,1,0,0,5),(111,73,52,'LOSC','Midfielder',1,1,0,0,0,1,0,0,5),(112,73,338,'Milan','Defender',1,1,0,0,0,1,0,0,5),(113,73,354,'Sheriff','Midfielder',1,1,0,0,0,1,0,0,5),(114,73,123,'LOSC','Midfielder',1,1,0,0,0,1,0,0,4),(115,73,103,'Milan','Forward',1,1,0,0,0,1,0,0,4),(116,73,289,'Man. United','Forward',1,1,0,0,0,1,0,0,3),(117,73,319,'Barcelona','Forward',1,1,0,0,0,1,0,0,3),(118,73,347,'Chelsea','Defender',1,1,0,0,0,1,0,0,3),(119,73,299,'Villarreal','Forward',1,1,0,0,0,1,0,0,3),(120,73,348,'Malmö','Midfielder',1,1,0,0,0,1,0,0,3),(121,73,259,'Juventus','Forward',1,1,0,0,0,1,0,0,2),(122,73,393,'Milan','Forward',1,1,0,0,0,1,0,0,2),(123,73,60,'Liverpool','Midfielder',1,1,0,0,0,0,1,0,12),(124,73,215,'Liverpool','Midfielder',1,1,0,0,0,0,1,0,10),(125,73,59,'Liverpool','Midfielder',1,1,0,0,0,0,1,0,9),(126,73,178,'Inter','Forward',1,1,0,0,0,0,1,0,8),(127,73,80,'Young Boys','Midfielder',1,1,0,0,0,0,1,0,6),(128,73,220,'Atalanta','Forward',1,1,0,0,0,0,1,0,5),(129,73,484,'Zenit','Midfielder',1,1,0,0,0,0,1,0,1),(130,73,198,'Salzburg','Midfielder',1,0,1,0,0,1,0,1,8),(131,73,37,'Zenit','Defender',1,0,1,0,0,1,0,1,6),(132,73,223,'Beşiktaş','Midfielder',1,0,1,0,0,1,0,1,5),(133,73,12,'Villarreal','Midfielder',1,0,1,0,0,1,0,0,12),(134,73,26,'Chelsea','Midfielder',1,0,1,0,0,1,0,0,9),(135,73,115,'Bayern','Midfielder',1,0,1,0,0,1,0,0,8),(136,73,395,'Sporting CP','Forward',1,0,1,0,0,1,0,0,7),(137,73,336,'Villarreal','Defender',1,0,1,0,0,1,0,0,7),(138,73,61,'Inter','Midfielder',1,0,1,0,0,1,0,0,7),(139,73,343,'Paris','Midfielder',1,0,1,0,0,1,0,0,6),(140,73,246,'Ajax','Forward',1,0,1,0,0,1,0,0,5),(141,73,47,'Chelsea','Midfielder',1,0,1,0,0,1,0,0,5),(142,73,127,'Atalanta','Defender',1,0,1,0,0,1,0,0,5),(143,73,262,'Young Boys','Midfielder',1,0,1,0,0,1,0,0,5),(144,73,131,'Milan','Midfielder',1,0,1,0,0,1,0,0,5),(145,73,155,'Atalanta','Midfielder',1,0,1,0,0,1,0,0,5),(146,73,91,'Sporting CP','Midfielder',1,0,1,0,0,1,0,0,4),(147,73,470,'Salzburg','Midfielder',1,0,1,0,0,1,0,0,4),(148,73,391,'Atalanta','Midfielder',1,0,1,0,0,1,0,0,4),(149,73,106,'Man. United','Forward',1,0,1,0,0,1,0,0,4),(150,73,88,'Atalanta','Midfielder',1,0,1,0,0,1,0,0,4),(151,73,392,'Man. City','Midfielder',1,0,1,0,0,1,0,0,3),(152,73,341,'Atalanta','Midfielder',1,0,1,0,0,1,0,0,2),(153,73,277,'Real Madrid','Defender',1,0,1,0,0,0,1,0,12),(154,73,39,'Real Madrid','Forward',1,0,1,0,0,0,1,0,8),(155,73,120,'Ajax','Defender',1,0,1,0,0,0,1,0,8),(156,73,227,'Salzburg','Defender',1,0,1,0,0,0,1,0,7),(157,73,151,'Young Boys','Defender',1,0,1,0,0,0,1,0,6),(158,73,200,'Atalanta','Midfielder',1,0,1,0,0,0,1,0,5),(159,73,390,'Zenit','Midfielder',1,0,1,0,0,0,1,0,4),(160,73,473,'Man. United','Defender',1,0,1,0,0,0,1,0,4),(161,73,100,'Liverpool','Forward',1,0,0,1,0,1,0,0,11),(162,73,45,'Atlético','Defender',1,0,0,1,0,1,0,0,10),(163,73,202,'Chelsea','Defender',1,0,0,1,0,1,0,0,9),(164,73,92,'Atlético','Forward',1,0,0,1,0,1,0,0,8),(165,73,335,'Villarreal','Midfielder',1,0,0,1,0,1,0,0,8),(166,73,291,'Villarreal','Forward',1,0,0,1,0,1,0,0,7),(167,73,149,'Liverpool','Forward',1,0,0,1,0,1,0,0,7),(168,73,250,'Juventus','Defender',1,0,0,1,0,1,0,0,7),(169,73,93,'Porto','Forward',1,0,0,1,0,1,0,0,6),(170,73,213,'Juventus','Forward',1,0,0,1,0,1,0,0,6),(171,73,342,'Sevilla','Midfielder',1,0,0,1,0,1,0,0,6),(172,73,387,'Atalanta','Defender',1,0,0,1,0,1,0,0,6),(173,73,305,'Man. City','Defender',1,0,0,1,0,1,0,0,6),(174,73,466,'Juventus','Midfielder',1,0,0,1,0,1,0,0,5),(175,73,218,'Beşiktaş','Forward',1,0,0,1,0,1,0,0,5),(176,73,356,'Zenit','Midfielder',1,0,0,1,0,1,0,0,4),(177,73,471,'Beşiktaş','Defender',1,0,0,1,0,1,0,0,4),(178,73,357,'Bayern','Midfielder',1,0,0,1,0,1,0,0,4),(179,73,340,'Sheriff','Forward',1,0,0,1,0,1,0,0,3),(180,73,298,'Sheriff','Forward',1,0,0,1,0,1,0,0,3),(181,73,478,'Milan','Forward',1,0,0,1,0,1,0,0,2),(182,73,479,'Benfica','Defender',1,0,0,1,0,1,0,0,2),(183,73,222,'Sporting CP','Defender',1,0,0,0,1,1,0,0,7);
/*!40000 ALTER TABLE `goals` ENABLE KEYS */;
UNLOCK TABLES;

--
-- Table structure for table `key_stats`
--

DROP TABLE IF EXISTS `key_stats`;
/*!40101 SET @saved_cs_client     = @@character_set_client */;
/*!50503 SET character_set_client = utf8mb4 */;
CREATE TABLE `key_stats` (
  `ID` int NOT NULL AUTO_INCREMENT,
  `player_ID` int DEFAULT NULL,
  `club` varchar(255) DEFAULT NULL,
  `position` varchar(50) DEFAULT NULL,
  `minutes_played` int DEFAULT NULL,
  `match_played` int DEFAULT NULL,
  `goals` int DEFAULT NULL,
  `assists` int DEFAULT NULL,
  `distance_covered` int DEFAULT NULL,
  PRIMARY KEY (`ID`),
  KEY `fk_key_stats` (`player_ID`),
  CONSTRAINT `fk_key_stats` FOREIGN KEY (`player_ID`) REFERENCES `players` (`ID`)
) ENGINE=InnoDB AUTO_INCREMENT=1024 DEFAULT CHARSET=utf8mb4 COLLATE=utf8mb4_0900_ai_ci;
/*!40101 SET character_set_client = @saved_cs_client */;

--
-- Dumping data for table `key_stats`
--

LOCK TABLES `key_stats` WRITE;
/*!40000 ALTER TABLE `key_stats` DISABLE KEYS */;
INSERT INTO `key_stats` VALUES (1,693,'Real Madrid','Goalkeeper',1230,13,0,0,64),(2,2,'Real Madrid','Forward',1199,13,4,6,133),(3,87,'Real Madrid','Forward',1106,12,15,1,122),(4,7,'Real Madrid','Midfielder',1077,13,0,4,125),(5,211,'Real Madrid','Defender',1076,12,0,0,110),(6,277,'Real Madrid','Defender',1040,12,1,0,112),(7,119,'Real Madrid','Defender',959,11,0,1,113),(8,208,'Real Madrid','Midfielder',914,11,0,0,108),(9,193,'Real Madrid','Midfielder',902,12,2,0,117),(10,58,'Real Madrid','Defender',867,10,0,2,96),(11,104,'Real Madrid','Midfielder',804,11,0,1,97),(12,485,'Real Madrid','Defender',574,9,0,0,62),(13,46,'Real Madrid','Forward',505,11,5,2,66),(14,135,'Real Madrid','Midfielder',349,8,0,1,47),(15,124,'Real Madrid','Midfielder',296,10,0,1,40),(16,39,'Real Madrid','Forward',207,8,1,2,28),(17,317,'Real Madrid','Forward',113,3,0,0,13),(18,457,'Real Madrid','Defender',93,3,0,0,11),(19,333,'Real Madrid','Forward',84,3,0,0,11),(20,530,'Real Madrid','Defender',66,1,0,0,8),(21,627,'Real Madrid','Midfielder',37,5,0,0,8),(22,719,'Real Madrid','Forward',12,1,0,0,2),(23,633,'Real Madrid','Defender',8,2,0,0,2),(24,720,'Real Madrid','Forward',7,2,0,0,2),(25,721,'Real Madrid','Midfielder',6,1,0,0,1),(26,674,'Liverpool','Goalkeeper',1170,13,0,0,69),(27,51,'Liverpool','Forward',1008,13,8,2,112),(28,274,'Liverpool','Midfielder',849,13,1,0,106),(29,25,'Liverpool','Defender',826,10,0,2,98),(30,98,'Liverpool','Midfielder',822,13,5,1,100),(31,114,'Liverpool','Defender',810,9,0,1,83),(32,5,'Liverpool','Defender',794,9,0,4,87),(33,247,'Liverpool','Defender',720,8,2,0,79),(34,60,'Liverpool','Midfielder',666,12,1,2,86),(35,264,'Liverpool','Defender',630,7,0,0,66),(36,215,'Liverpool','Midfielder',604,10,1,0,78),(37,100,'Liverpool','Forward',578,11,1,1,74),(38,59,'Liverpool','Midfielder',487,10,1,2,62),(39,108,'Liverpool','Forward',385,7,2,1,50),(40,28,'Liverpool','Defender',344,5,0,2,43),(41,188,'Liverpool','Midfielder',323,7,5,0,43),(42,70,'Liverpool','Midfielder',300,6,0,1,39),(43,463,'Liverpool','Defender',245,7,0,0,30),(44,426,'Liverpool','Forward',215,4,0,0,30),(45,84,'Liverpool','Midfielder',211,8,0,1,32),(46,149,'Liverpool','Forward',187,7,1,1,24),(47,54,'Liverpool','Midfielder',185,4,0,2,27),(48,358,'Liverpool','Defender',180,3,0,0,24),(49,593,'Liverpool','Midfielder',180,2,0,0,24),(50,610,'Liverpool','Defender',91,2,0,0,11),(51,722,'Liverpool','Midfielder',59,1,0,0,8),(52,723,'Liverpool','Midfielder',1,1,0,0,0),(53,724,'Liverpool','Midfielder',1,1,0,0,0),(54,302,'Villarreal','Defender',1080,12,1,0,124),(55,708,'Villarreal','Goalkeeper',1080,12,0,0,61),(56,12,'Villarreal','Midfielder',1055,12,1,3,131),(57,11,'Villarreal','Midfielder',1046,12,2,4,131),(58,436,'Villarreal','Defender',1045,12,0,0,116),(59,673,'Man. City','Goalkeeper',1003,11,0,0,52),(60,24,'Man. City','Midfielder',986,12,7,2,120),(61,41,'Villarreal','Midfielder',906,11,6,2,108),(62,146,'Benfica','Defender',900,10,0,1,98),(63,698,'Benfica','Goalkeeper',900,10,0,0,55),(64,713,'Atlético','Goalkeeper',900,10,0,0,53),(65,327,'Villarreal','Defender',891,10,0,0,99),(66,18,'Man. City','Midfielder',878,11,3,3,120),(67,21,'Bayern','Forward',876,10,13,3,100),(68,13,'Benfica','Defender',863,10,0,3,108),(69,257,'Man. City','Midfielder',842,10,0,0,115),(70,22,'Man. City','Defender',840,9,2,3,100),(71,202,'Chelsea','Defender',840,9,1,0,88),(72,680,'Chelsea','Goalkeeper',840,9,0,0,57),(73,687,'LOSC','Defender',816,10,0,0,89),(74,160,'Bayern','Goalkeeper',810,9,0,1,51),(75,411,'Benfica','Midfielder',810,9,0,0,112),(76,303,'Benfica','Defender',810,9,0,0,91),(77,3,'Bayern','Midfielder',798,10,6,6,94),(78,270,'Man. City','Defender',794,9,0,0,91),(79,14,'Bayern','Forward',778,10,4,3,99),(80,113,'Bayern','Defender',764,10,0,1,97),(81,167,'Chelsea','Defender',757,9,0,1,72),(82,6,'Man. City','Midfielder',734,10,2,4,96),(83,205,'Inter','Defender',720,8,1,0,85),(84,110,'Salzburg','Defender',720,8,0,1,86),(85,148,'Ajax','Defender',720,8,0,1,83),(86,168,'Paris','Defender',720,8,0,1,79),(87,375,'LOSC','Defender',720,8,0,0,81),(88,699,'Salzburg','Goalkeeper',720,8,0,0,44),(89,670,'Inter','Goalkeeper',720,8,0,0,32),(90,487,'Paris','Defender',718,8,0,0,85),(91,269,'Salzburg','Defender',716,8,0,0,84),(92,361,'Benfica','Defender',715,9,1,0,86),(93,40,'Salzburg','Midfielder',715,8,0,2,104),(94,102,'Benfica','Forward',704,9,1,1,86),(95,66,'Ajax','Midfielder',703,8,0,1,89),(96,229,'Bayern','Midfielder',702,8,0,0,96),(97,394,'Atlético','Midfielder',700,9,0,0,84),(98,147,'Chelsea','Defender',679,9,1,1,82),(99,194,'LOSC','Forward',679,8,3,0,86),(100,9,'Paris','Forward',673,8,6,4,65),(101,179,'Chelsea','Midfielder',672,9,3,0,86),(102,365,'Salzburg','Midfielder',672,8,0,0,81),(103,105,'Ajax','Forward',668,8,11,1,82),(104,486,'Inter','Defender',666,8,0,0,77),(105,83,'Atlético','Midfielder',665,9,0,1,91),(106,320,'Man. City','Defender',664,8,0,0,83),(107,57,'Ajax','Defender',661,8,0,2,82),(108,27,'Man. City','Midfielder',660,10,0,2,86),(109,438,'Bayern','Defender',660,8,0,0,82),(110,29,'Man. City','Midfielder',658,11,3,2,89),(111,64,'Salzburg','Midfielder',649,8,0,1,85),(112,534,'Villarreal','Defender',645,10,0,0,76),(113,253,'Man. City','Defender',637,8,0,0,73),(114,203,'Inter','Midfielder',635,8,1,0,89),(115,17,'Bayern','Forward',632,9,2,3,76),(116,180,'Paris','Forward',630,7,5,0,59),(117,38,'Ajax','Forward',630,7,2,2,79),(118,278,'LOSC','Midfielder',630,7,0,0,80),(119,568,'Paris','Defender',630,7,0,0,64),(120,706,'Sporting CP','Goalkeeper',630,7,0,0,36),(121,681,'Juventus','Goalkeeper',630,7,0,0,31),(122,696,'Man. United','Goalkeeper',630,7,0,0,26),(123,65,'Ajax','Forward',628,8,3,1,80),(124,536,'Juventus','Defender',627,7,0,0,72),(125,187,'Benfica','Forward',613,10,6,0,72),(126,323,'Sporting CP','Defender',611,8,0,0,75),(127,182,'Man. United','Forward',611,7,6,0,59),(128,129,'Salzburg','Forward',607,8,3,1,69),(129,161,'Chelsea','Defender',603,8,1,1,63),(130,122,'LOSC','Defender',591,7,0,1,71),(131,178,'Inter','Forward',587,8,1,0,67),(132,280,'Atlético','Defender',585,7,0,0,63),(133,99,'Sporting CP','Forward',582,8,3,1,68),(134,50,'Man. City','Forward',581,12,3,2,71),(135,386,'Paris','Defender',581,8,0,0,62),(136,562,'Juventus','Defender',580,7,0,0,61),(137,252,'Atlético','Midfielder',578,9,0,0,71),(138,190,'Atlético','Midfielder',577,9,1,0,75),(139,4,'Ajax','Forward',577,7,2,5,65),(140,412,'Man. City','Defender',577,7,1,0,64),(141,92,'Atlético','Forward',573,8,1,1,69),(142,227,'Salzburg','Defender',573,7,1,0,67),(143,120,'Ajax','Defender',572,8,1,1,71),(144,254,'Bayern','Defender',572,8,0,0,69),(145,419,'Ajax','Midfielder',570,8,0,0,65),(146,48,'Chelsea','Midfielder',561,8,2,2,69),(147,154,'Sporting CP','Defender',561,7,0,1,61),(148,237,'Ajax','Midfielder',558,7,0,0,73),(149,250,'Juventus','Defender',553,7,1,0,69),(150,197,'Chelsea','Defender',548,8,0,0,69),(151,212,'Benfica','Forward',543,9,0,0,67),(152,111,'Inter','Forward',541,7,3,1,65),(153,90,'Club Brugge','Midfielder',540,6,3,1,69),(154,71,'Sheriff','Midfielder',540,6,2,1,77),(155,239,'Sporting CP','Defender',540,6,2,0,51),(156,15,'Wolfsburg','Midfielder',540,6,0,3,67),(157,23,'Sheriff','Defender',540,6,0,3,63),(158,422,'Dynamo Kyiv','Defender',540,6,0,0,67),(159,559,'Sevilla','Midfielder',540,6,0,0,67),(160,439,'Sheriff','Defender',540,6,0,0,65),(161,238,'Shakhtar Donetsk','Defender',540,6,0,0,65),(162,538,'Zenit','Midfielder',540,6,0,0,62),(163,423,'Wolfsburg','Defender',540,6,0,0,61),(164,413,'Club Brugge','Defender',540,6,0,0,61),(165,492,'Sheriff','Defender',540,6,0,0,53),(166,368,'Sheriff','Defender',540,6,0,0,53),(167,665,'Sevilla','Goalkeeper',540,6,0,0,37),(168,677,'Dortmund','Goalkeeper',540,6,0,0,35),(169,690,'Club Brugge','Goalkeeper',540,6,0,0,33),(170,694,'Atalanta','Goalkeeper',540,6,0,0,33),(171,678,'Ajax','Goalkeeper',540,6,0,0,33),(172,715,'LOSC','Goalkeeper',540,6,0,0,32),(173,710,'Porto','Goalkeeper',540,6,0,0,32),(174,675,'Barcelona','Goalkeeper',540,6,0,0,29),(175,231,'Juventus','Midfielder',539,7,0,0,70),(176,304,'Sevilla','Defender',539,6,0,0,59),(177,35,'Chelsea','Midfielder',538,7,1,2,60),(178,228,'Juventus','Midfielder',536,7,0,0,68),(179,345,'Dynamo Kyiv','Midfielder',536,6,0,0,69),(180,295,'Man. United','Defender',534,6,1,0,49),(181,309,'Sporting CP','Midfielder',534,6,0,0,66),(182,489,'LOSC','Defender',533,7,0,0,61),(183,95,'Young Boys','Midfielder',532,6,1,1,57),(184,109,'Inter','Midfielder',531,8,0,1,66),(185,184,'Leipzig','Midfielder',531,6,7,0,63),(186,116,'Sheriff','Midfielder',530,6,2,1,64),(187,631,'LOSC','Forward',529,7,3,0,56),(188,222,'Sporting CP','Defender',529,7,1,0,61),(189,67,'Club Brugge','Forward',528,6,0,1,69),(190,396,'Club Brugge','Defender',528,6,0,0,60),(191,136,'Atalanta','Midfielder',526,6,1,1,72),(192,258,'Barcelona','Forward',525,6,0,0,64),(193,10,'Villarreal','Forward',524,7,2,4,66),(194,282,'Villarreal','Midfielder',524,6,0,0,68),(195,351,'Barcelona','Midfielder',523,6,0,0,69),(196,183,'Juventus','Forward',520,7,2,0,60),(197,1,'Man. United','Midfielder',520,7,0,7,58),(198,44,'Atlético','Forward',518,9,4,2,64),(199,198,'Salzburg','Midfielder',516,8,1,0,65),(200,366,'Bayern','Defender',515,7,0,0,61),(201,186,'Benfica','Forward',514,10,3,0,67),(202,244,'Sporting CP','Forward',510,8,2,0,67),(203,55,'Sporting CP','Midfielder',509,6,0,2,64),(204,196,'Chelsea','Defender',505,6,1,0,55),(205,68,'Young Boys','Midfielder',504,6,0,1,54),(206,19,'Dortmund','Midfielder',503,6,1,3,62),(207,96,'Man. City','Defender',501,8,0,1,64),(208,77,'Club Brugge','Forward',500,6,0,1,59),(209,240,'Malmö','Forward',500,6,0,0,63),(210,81,'Dortmund','Midfielder',499,6,3,1,63),(211,37,'Zenit','Defender',497,6,1,2,52),(212,242,'Inter','Midfielder',496,6,0,0,65),(213,495,'Malmö','Midfielder',496,6,0,0,60),(214,93,'Porto','Forward',494,6,1,1,61),(215,8,'Benfica','Midfielder',493,8,0,4,66),(216,491,'Sheriff','Midfielder',491,6,0,0,60),(217,69,'Dynamo Kyiv','Midfielder',490,6,0,1,66),(218,204,'Young Boys','Forward',489,6,1,0,49),(219,288,'Inter','Defender',487,6,1,0,55),(220,443,'Barcelona','Midfielder',487,6,0,0,64),(221,234,'Dynamo Kyiv','Midfielder',486,6,0,0,69),(222,150,'Leipzig','Defender',484,6,1,1,57),(223,233,'Zenit','Midfielder',484,6,1,0,59),(224,121,'Dortmund','Defender',484,6,0,1,66),(225,442,'Atalanta','Midfielder',484,6,0,0,62),(226,560,'Club Brugge','Defender',484,6,0,0,57),(227,45,'Atlético','Defender',478,10,1,2,62),(228,56,'Bayern','Midfielder',477,7,0,2,61),(229,283,'Shakhtar Donetsk','Midfielder',473,6,0,0,63),(230,249,'Atlético','Forward',472,7,0,0,60),(231,367,'Juventus','Midfielder',472,7,0,0,56),(232,490,'Atlético','Defender',472,7,0,0,51),(233,465,'Dortmund','Midfielder',471,6,0,0,60),(234,74,'Paris','Forward',468,6,0,1,56),(235,322,'LOSC','Forward',468,6,0,0,58),(236,137,'Inter','Defender',467,7,0,1,60),(237,185,'Bayern','Midfielder',466,6,0,0,59),(238,20,'Atalanta','Forward',464,6,3,3,50),(239,335,'Villarreal','Midfielder',463,8,1,0,58),(240,94,'Sevilla','Midfielder',463,6,1,1,51),(241,332,'Young Boys','Midfielder',462,6,0,0,42),(242,85,'Man. City','Midfielder',461,7,1,1,57),(243,191,'Zenit','Midfielder',460,6,2,0,56),(244,255,'Porto','Midfielder',450,6,0,0,54),(245,493,'Sporting CP','Defender',450,6,0,0,49),(246,127,'Atalanta','Defender',450,5,1,1,51),(247,86,'Milan','Defender',450,5,0,1,51),(248,164,'Juventus','Defender',450,5,0,1,50),(249,401,'Dynamo Kyiv','Defender',450,5,0,0,56),(250,500,'Dynamo Kyiv','Defender',450,5,0,0,54),(251,266,'Sevilla','Defender',450,5,0,0,53),(252,448,'Atlético','Defender',450,5,0,0,52),(253,445,'Dortmund','Defender',450,5,0,0,51),(254,449,'Malmö','Defender',450,5,0,0,49),(255,370,'Shakhtar Donetsk','Defender',450,5,0,0,49),(256,447,'Porto','Defender',450,5,0,0,47),(257,702,'Wolfsburg','Goalkeeper',450,5,0,0,31),(258,705,'Beşiktaş','Goalkeeper',450,5,0,0,29),(259,683,'Paris','Goalkeeper',450,5,0,0,28),(260,686,'Leipzig','Goalkeeper',450,5,0,0,27),(261,703,'Dynamo Kyiv','Goalkeeper',450,5,0,0,26),(262,707,'Sheriff','Goalkeeper',450,5,0,0,23),(263,115,'Bayern','Midfielder',448,8,1,1,59),(264,576,'Malmö','Defender',448,5,0,0,50),(265,26,'Chelsea','Midfielder',446,9,1,2,54),(266,318,'Milan','Midfielder',444,6,0,0,57),(267,36,'Zenit','Defender',444,5,0,2,51),(268,275,'Zenit','Defender',444,5,0,0,51),(269,376,'Beşiktaş','Midfielder',442,5,0,0,56),(270,582,'Malmö','Midfielder',438,5,0,0,53),(271,563,'Salzburg','Defender',437,5,0,0,48),(272,290,'Dynamo Kyiv','Midfielder',436,5,0,0,59),(273,324,'LOSC','Midfielder',435,7,0,0,54),(274,118,'Atalanta','Defender',435,5,0,1,56),(275,276,'Young Boys','Defender',435,5,0,0,40),(276,78,'Zenit','Forward',434,6,0,1,49),(277,265,'Man. United','Midfielder',433,6,0,0,43),(278,16,'Leipzig','Defender',432,5,0,3,51),(279,134,'Villarreal','Midfielder',431,10,0,1,55),(280,291,'Villarreal','Forward',431,7,1,0,55),(281,572,'Paris','Midfielder',431,5,0,0,56),(282,503,'Wolfsburg','Midfielder',429,5,0,0,51),(283,140,'Chelsea','Midfielder',427,6,0,1,52),(284,329,'Chelsea','Midfielder',426,6,0,0,50),(285,567,'Man. United','Defender',426,5,0,0,38),(286,441,'Atlético','Defender',425,6,0,0,48),(287,272,'Young Boys','Midfielder',420,5,0,0,45),(288,271,'Inter','Midfielder',419,6,0,0,55),(289,537,'Man. United','Defender',419,6,0,0,46),(290,338,'Milan','Defender',418,5,1,0,45),(291,346,'LOSC','Defender',418,5,0,0,47),(292,219,'Club Brugge','Midfielder',417,6,2,0,54),(293,414,'Wolfsburg','Midfielder',413,6,1,0,49),(294,564,'Malmö','Defender',413,5,0,0,46),(295,49,'Leipzig','Forward',410,6,3,2,47),(296,61,'Inter','Midfielder',409,7,1,2,53),(297,561,'Club Brugge','Midfielder',407,5,0,0,51),(298,311,'LOSC','Midfielder',407,5,0,0,49),(299,133,'Atalanta','Defender',405,6,0,1,51),(300,141,'Leipzig','Midfielder',405,6,0,1,49),(301,460,'Sheriff','Midfielder',405,6,0,0,49),(302,498,'Beşiktaş','Defender',405,5,0,0,47),(303,216,'Atlético','Forward',401,10,1,0,50),(304,292,'Paris','Midfielder',400,7,1,0,48),(305,310,'Man. United','Midfielder',400,5,0,0,54),(306,325,'Barcelona','Midfielder',398,6,0,0,54),(307,225,'Wolfsburg','Forward',398,5,0,0,49),(308,42,'Man. United','Defender',397,5,0,2,37),(309,326,'Dortmund','Midfielder',395,5,0,0,52),(310,261,'Man. United','Midfielder',393,7,1,0,42),(311,399,'Barcelona','Defender',393,5,1,0,44),(312,199,'Dortmund','Forward',392,6,3,0,44),(313,502,'Milan','Defender',392,5,0,0,45),(314,43,'Bayern','Forward',391,8,3,2,47),(315,494,'Porto','Defender',389,6,0,0,46),(316,235,'Juventus','Midfielder',388,6,0,0,52),(317,151,'Young Boys','Defender',386,6,1,1,39),(318,31,'Leipzig','Forward',385,6,2,2,48),(319,207,'Beşiktaş','Forward',383,5,0,0,44),(320,125,'Juventus','Midfielder',382,5,0,1,49),(321,62,'Sporting CP','Defender',380,8,0,2,49),(322,574,'Sevilla','Defender',379,5,0,0,43),(323,75,'Atlético','Midfielder',377,8,0,1,49),(324,415,'Milan','Midfielder',376,6,0,0,47),(325,301,'Dynamo Kyiv','Midfielder',375,6,0,0,49),(326,128,'Barcelona','Defender',375,5,0,1,46),(327,217,'Shakhtar Donetsk','Forward',373,6,0,0,45),(328,387,'Atalanta','Defender',370,6,1,0,42),(329,139,'Benfica','Forward',369,7,1,1,52),(330,569,'Sporting CP','Defender',368,6,0,0,39),(331,117,'Chelsea','Midfielder',367,7,2,1,47),(332,369,'Barcelona','Defender',367,5,0,0,36),(333,585,'Dynamo Kyiv','Defender',366,5,0,0,44),(334,420,'Paris','Midfielder',362,7,0,0,41),(335,497,'Wolfsburg','Defender',362,6,0,0,42),(336,307,'Atalanta','Defender',360,4,0,0,45),(337,427,'Shakhtar Donetsk','Defender',360,4,0,0,43),(338,692,'Zenit','Goalkeeper',360,4,0,0,20),(339,132,'Chelsea','Forward',358,8,0,1,44),(340,372,'Dortmund','Defender',358,5,0,0,41),(341,296,'Sheriff','Midfielder',357,5,0,0,46),(342,571,'Leipzig','Defender',357,5,0,0,42),(343,130,'Malmö','Midfielder',356,6,0,1,45),(344,371,'Shakhtar Donetsk','Defender',355,5,0,0,45),(345,218,'Beşiktaş','Forward',354,5,1,0,40),(346,389,'Man. United','Defender',353,5,0,0,34),(347,101,'Man. City','Forward',352,8,4,1,42),(348,131,'Milan','Midfielder',351,5,1,1,44),(349,573,'Porto','Forward',351,4,0,0,39),(350,195,'Shakhtar Donetsk','Midfielder',350,5,2,0,35),(351,398,'Porto','Defender',349,5,0,0,40),(352,63,'Man. City','Midfielder',347,8,0,2,45),(353,224,'Atlético','Forward',347,7,1,0,39),(354,416,'Man. United','Midfielder',347,6,0,0,31),(355,404,'Young Boys','Defender',347,4,0,0,31),(356,232,'Salzburg','Midfielder',345,6,3,0,40),(357,223,'Beşiktaş','Midfielder',345,5,1,0,38),(358,313,'Barcelona','Defender',345,4,0,0,40),(359,584,'Benfica','Midfielder',343,9,0,0,45),(360,210,'Shakhtar Donetsk','Midfielder',343,4,0,0,41),(361,206,'Young Boys','Forward',341,6,2,0,36),(362,469,'Wolfsburg','Midfielder',337,4,0,0,42),(363,189,'Juventus','Forward',336,4,2,0,38),(364,328,'Leipzig','Defender',334,6,0,0,42),(365,440,'Milan','Midfielder',333,6,0,0,44),(366,417,'Sevilla','Defender',332,4,0,0,40),(367,143,'Club Brugge','Defender',331,4,0,1,39),(368,575,'Wolfsburg','Defender',331,4,0,0,36),(369,243,'Villarreal','Midfielder',330,9,1,0,43),(370,34,'Sporting CP','Midfielder',329,5,4,2,41),(371,496,'Wolfsburg','Defender',328,6,0,0,39),(372,388,'Salzburg','Defender',328,5,0,0,39),(373,273,'Malmö','Midfielder',328,4,0,0,42),(374,342,'Sevilla','Midfielder',327,6,1,0,43),(375,343,'Paris','Midfielder',326,6,1,0,44),(376,236,'Dynamo Kyiv','Midfielder',325,6,1,0,43),(377,305,'Man. City','Defender',324,6,1,0,37),(378,214,'Wolfsburg','Forward',322,5,2,0,42),(379,241,'Shakhtar Donetsk','Midfielder',322,5,0,0,42),(380,279,'Sevilla','Forward',322,5,0,0,37),(381,170,'Milan','Midfielder',321,5,0,1,41),(382,201,'Chelsea','Forward',320,6,2,0,32),(383,152,'Porto','Midfielder',320,6,0,1,41),(384,501,'Paris','Midfielder',315,5,0,0,37),(385,509,'Milan','Defender',315,4,0,0,39),(386,570,'Leipzig','Defender',315,4,0,0,36),(387,504,'Zenit','Defender',315,4,0,0,35),(388,662,'Malmö','Goalkeeper',315,4,0,0,14),(389,312,'Porto','Forward',313,4,0,0,35),(390,565,'Beşiktaş','Defender',313,4,0,0,33),(391,350,'Sheriff','Midfielder',312,6,0,0,39),(392,336,'Villarreal','Defender',309,7,1,0,42),(393,471,'Beşiktaş','Defender',306,4,1,0,35),(394,403,'Atlético','Defender',304,5,0,0,37),(395,106,'Man. United','Forward',304,4,1,1,38),(396,126,'Zenit','Forward',303,5,2,1,30),(397,200,'Atalanta','Midfielder',301,5,1,0,39),(398,397,'Porto','Midfielder',300,6,1,0,40),(399,144,'Zenit','Defender',299,4,0,1,38),(400,256,'Club Brugge','Forward',298,5,0,0,38),(401,52,'LOSC','Midfielder',297,5,1,2,35),(402,505,'Leipzig','Defender',297,4,0,0,32),(403,381,'Wolfsburg','Forward',296,6,0,0,36),(404,103,'Milan','Forward',294,4,1,1,32),(405,390,'Zenit','Midfielder',293,4,1,0,34),(406,473,'Man. United','Defender',293,4,1,0,34),(407,32,'Juventus','Midfielder',292,5,0,2,36),(408,597,'Leipzig','Midfielder',292,5,0,0,39),(409,47,'Chelsea','Midfielder',289,5,1,2,32),(410,378,'Porto','Midfielder',289,4,0,0,37),(411,145,'Juventus','Defender',286,4,0,1,33),(412,464,'Malmö','Defender',284,6,0,0,35),(413,248,'Inter','Defender',283,7,0,0,36),(414,535,'Salzburg','Midfielder',281,7,0,0,37),(415,297,'Malmö','Midfielder',281,5,0,0,33),(416,112,'Zenit','Forward',277,6,0,1,31),(417,76,'Sevilla','Midfielder',276,5,2,1,36),(418,510,'Malmö','Defender',275,4,0,0,32),(419,334,'Villarreal','Midfielder',273,9,2,0,37),(420,344,'Malmö','Midfielder',273,6,0,0,36),(421,80,'Young Boys','Midfielder',272,6,1,1,39),(422,162,'Sevilla','Forward',271,6,1,1,36),(423,520,'Leipzig','Midfielder',270,3,0,0,36),(424,430,'Benfica','Defender',270,3,0,0,30),(425,545,'Beşiktaş','Defender',270,3,0,0,30),(426,409,'Milan','Defender',270,3,0,0,29),(427,685,'Young Boys','Goalkeeper',270,3,0,0,21),(428,672,'Milan','Goalkeeper',270,3,0,0,19),(429,701,'Milan','Goalkeeper',270,3,0,0,18),(430,684,'Shakhtar Donetsk','Goalkeeper',270,3,0,0,16),(431,679,'Paris','Goalkeeper',270,3,0,0,14),(432,700,'Young Boys','Goalkeeper',270,3,0,0,12),(433,221,'Young Boys','Midfielder',269,3,0,0,23),(434,82,'Shakhtar Donetsk','Midfielder',268,4,0,1,37),(435,671,'Shakhtar Donetsk','Goalkeeper',266,3,0,0,14),(436,421,'Juventus','Midfielder',264,6,0,0,35),(437,461,'Beşiktaş','Forward',264,5,0,0,34),(438,287,'Paris','Midfielder',261,5,2,0,32),(439,260,'Milan','Forward',261,5,0,0,29),(440,30,'Beşiktaş','Midfielder',261,3,0,2,33),(441,385,'Beşiktaş','Midfielder',261,3,0,0,30),(442,72,'Paris','Forward',260,5,0,1,32),(443,566,'Atalanta','Defender',260,5,0,0,32),(444,268,'Villarreal','Forward',258,8,1,0,33),(445,267,'Wolfsburg','Midfielder',258,5,2,0,31),(446,437,'LOSC','Midfielder',257,8,0,0,35),(447,209,'Man. United','Forward',257,5,1,0,30),(448,356,'Zenit','Midfielder',257,4,1,0,32),(449,541,'Shakhtar Donetsk','Midfielder',256,5,0,0,36),(450,89,'Juventus','Forward',255,5,3,1,31),(451,284,'LOSC','Forward',255,5,0,0,29),(452,586,'Beşiktaş','Defender',253,3,0,0,30),(453,428,'Milan','Midfielder',252,4,0,0,31),(454,88,'Atalanta','Midfielder',249,4,1,1,29),(455,384,'Barcelona','Midfielder',247,4,0,0,34),(456,452,'Barcelona','Defender',247,4,0,0,30),(457,53,'Chelsea','Forward',246,5,4,2,30),(458,451,'LOSC','Defender',243,4,0,0,29),(459,262,'Young Boys','Midfielder',240,5,1,0,29),(460,580,'Benfica','Defender',236,5,0,0,30),(461,245,'Salzburg','Forward',234,6,0,0,32),(462,172,'Bayern','Midfielder',234,4,0,1,31),(463,315,'Man. United','Defender',233,3,0,0,21),(464,169,'Ajax','Midfielder',232,7,1,1,34),(465,300,'Salzburg','Forward',231,8,1,0,33),(466,355,'Barcelona','Defender',230,4,0,0,30),(467,226,'Sevilla','Forward',228,4,0,0,25),(468,508,'Atlético','Midfielder',226,4,0,0,30),(469,512,'Shakhtar Donetsk','Midfielder',225,4,0,0,31),(470,712,'Malmö','Goalkeeper',225,3,0,0,11),(471,142,'Villarreal','Midfielder',222,6,0,1,32),(472,348,'Malmö','Midfielder',222,3,1,0,28),(473,155,'Atalanta','Midfielder',220,5,1,1,30),(474,600,'Atlético','Defender',220,3,0,0,27),(475,590,'Barcelona','Defender',219,5,0,0,27),(476,425,'Beşiktaş','Midfielder',219,4,0,0,28),(477,395,'Sporting CP','Forward',218,7,1,0,29),(478,321,'Porto','Midfielder',218,6,0,0,31),(479,163,'Milan','Defender',216,5,0,1,27),(480,33,'Dortmund','Midfielder',212,4,0,2,28),(481,594,'Porto','Forward',212,4,0,0,28),(482,578,'Bayern','Midfielder',212,4,0,0,25),(483,391,'Atalanta','Midfielder',211,4,1,0,29),(484,73,'Atalanta','Midfielder',210,5,0,1,29),(485,293,'Leipzig','Midfielder',209,4,2,0,27),(486,337,'Shakhtar Donetsk','Midfielder',206,6,0,0,25),(487,599,'Sporting CP','Midfielder',205,4,0,0,30),(488,298,'Sheriff','Forward',205,3,1,0,28),(489,285,'Sevilla','Forward',204,4,0,0,26),(490,472,'Man. United','Midfielder',204,4,0,0,24),(491,432,'Wolfsburg','Defender',204,3,0,0,22),(492,246,'Ajax','Forward',203,5,1,0,24),(493,192,'Dortmund','Forward',203,3,3,0,22),(494,91,'Sporting CP','Midfielder',201,4,1,1,28),(495,544,'Sevilla','Midfielder',200,4,0,0,28),(496,450,'Inter','Defender',196,5,0,0,25),(497,158,'Dortmund','Defender',195,4,0,1,25),(498,488,'Man. United','Midfielder',194,8,0,0,25),(499,171,'Wolfsburg','Midfielder',192,5,0,1,26),(500,174,'Shakhtar Donetsk','Defender',192,3,0,1,24),(501,607,'Beşiktaş','Midfielder',189,3,0,0,20),(502,230,'Chelsea','Defender',188,4,0,0,23),(503,577,'Malmö','Defender',187,3,0,0,22),(504,468,'Sevilla','Defender',186,4,0,0,25),(505,519,'Beşiktaş','Midfielder',184,3,0,0,19),(506,506,'Leipzig','Midfielder',182,4,0,0,24),(507,453,'Dortmund','Defender',182,3,0,0,23),(508,259,'Juventus','Forward',180,2,1,0,21),(509,479,'Benfica','Defender',180,2,1,0,20),(510,481,'Young Boys','Defender',180,2,0,0,21),(511,579,'Beşiktaş','Defender',180,2,0,0,19),(512,589,'Man. United','Defender',180,2,0,0,19),(513,704,'LOSC','Goalkeeper',180,2,0,0,11),(514,682,'Zenit','Goalkeeper',180,2,0,0,11),(515,676,'Ajax','Goalkeeper',180,2,0,0,8),(516,286,'Shakhtar Donetsk','Midfielder',179,6,0,0,24),(517,251,'Barcelona','Forward',179,3,0,0,22),(518,476,'Juventus','Defender',177,4,0,0,22),(519,347,'Chelsea','Defender',175,3,1,0,20),(520,289,'Man. United','Forward',172,3,1,0,23),(521,581,'Wolfsburg','Defender',171,4,0,0,20),(522,353,'Dortmund','Midfielder',170,5,0,0,24),(523,595,'Dortmund','Defender',170,5,0,0,21),(524,456,'Barcelona','Midfielder',169,3,0,0,22),(525,213,'Juventus','Forward',168,6,1,0,21),(526,123,'LOSC','Midfielder',168,4,1,1,20),(527,475,'Sevilla','Midfielder',168,4,0,0,26),(528,514,'Young Boys','Defender',167,3,0,0,21),(529,583,'Paris','Defender',165,2,0,0,18),(530,373,'Club Brugge','Defender',164,4,0,0,22),(531,306,'Sporting CP','Forward',162,5,0,0,22),(532,587,'Club Brugge','Defender',162,5,0,0,22),(533,474,'Dynamo Kyiv','Defender',160,4,0,0,22),(534,377,'Milan','Forward',160,4,0,0,16),(535,263,'Chelsea','Midfielder',159,5,0,0,23),(536,521,'Barcelona','Midfielder',158,2,0,0,21),(537,362,'Benfica','Midfielder',157,6,0,0,21),(538,79,'Club Brugge','Midfielder',156,4,0,1,21),(539,294,'Beşiktaş','Midfielder',156,4,0,0,20),(540,340,'Sheriff','Forward',156,3,1,0,22),(541,107,'Inter','Forward',155,6,1,1,19),(542,518,'Benfica','Midfielder',155,3,0,0,20),(543,527,'Porto','Defender',155,2,0,0,19),(544,382,'Dynamo Kyiv','Defender',154,6,0,0,22),(545,319,'Barcelona','Forward',154,3,1,0,20),(546,400,'Zenit','Midfielder',150,5,0,0,21),(547,157,'Leipzig','Forward',147,4,0,1,19),(548,434,'Inter','Defender',147,3,0,0,19),(549,173,'Ajax','Defender',146,3,0,1,14),(550,540,'Porto','Forward',144,6,0,0,20),(551,331,'Atlético','Forward',142,5,0,0,18),(552,379,'Dortmund','Midfielder',142,3,0,0,19),(553,165,'Ajax','Defender',139,3,0,1,17),(554,455,'Paris','Forward',136,3,0,0,15),(555,591,'Beşiktaş','Defender',135,2,0,0,15),(556,281,'Bayern','Midfielder',133,5,0,0,20),(557,352,'Sporting CP','Midfielder',131,5,0,0,19),(558,402,'Benfica','Midfielder',131,5,0,0,18),(559,507,'Porto','Defender',131,4,0,0,16),(560,612,'Club Brugge','Defender',131,3,0,0,17),(561,220,'Atalanta','Forward',130,5,1,0,17),(562,97,'Villarreal','Defender',129,5,0,1,16),(563,431,'Dortmund','Forward',126,3,0,0,17),(564,606,'Porto','Defender',126,2,0,0,15),(565,444,'Bayern','Defender',125,5,0,0,17),(566,614,'Sevilla','Defender',125,4,0,0,15),(567,624,'Inter','Midfielder',124,4,0,0,19),(568,603,'Malmö','Midfielder',123,2,0,0,15),(569,316,'Barcelona','Forward',122,3,0,0,15),(570,339,'Sevilla','Midfielder',119,4,0,0,18),(571,433,'Wolfsburg','Forward',119,3,0,0,16),(572,393,'Milan','Forward',117,2,1,0,13),(573,156,'Man. United','Midfielder',116,4,0,1,14),(574,424,'Malmö','Forward',116,4,0,0,15),(575,630,'Leipzig','Forward',115,5,0,0,14),(576,478,'Milan','Forward',115,2,1,0,16),(577,617,'Benfica','Midfielder',114,6,0,0,16),(578,516,'Young Boys','Defender',113,3,0,0,16),(579,588,'Beşiktaş','Midfielder',109,5,0,0,15),(580,314,'Barcelona','Forward',109,4,0,0,14),(581,467,'Inter','Forward',106,5,0,0,15),(582,330,'Zenit','Midfielder',104,6,0,0,16),(583,643,'Dynamo Kyiv','Forward',104,2,0,0,14),(584,661,'Sporting CP','Forward',104,2,0,0,12),(585,405,'Barcelona','Midfielder',101,3,0,0,13),(586,341,'Atalanta','Midfielder',101,2,1,0,12),(587,480,'Shakhtar Donetsk','Forward',101,2,0,0,11),(588,458,'Dortmund','Forward',100,2,0,0,13),(589,596,'Chelsea','Defender',100,2,0,0,12),(590,408,'Inter','Defender',98,3,0,0,11),(591,354,'Sheriff','Midfielder',97,5,1,0,15),(592,602,'Dortmund','Defender',97,2,0,0,12),(593,410,'Man. United','Midfielder',96,3,0,0,13),(594,359,'Chelsea','Midfielder',96,3,0,0,13),(595,605,'Dynamo Kyiv','Midfielder',94,2,0,0,13),(596,513,'Dynamo Kyiv','Midfielder',93,3,0,0,14),(597,650,'Villarreal','Defender',93,2,0,0,11),(598,383,'Dynamo Kyiv','Midfielder',91,3,0,0,13),(599,601,'Milan','Defender',91,2,0,0,12),(600,526,'Wolfsburg','Forward',90,2,0,0,11),(601,638,'Atalanta','Defender',90,1,0,0,12),(602,554,'Beşiktaş','Midfielder',90,1,0,0,11),(603,621,'Man. City','Defender',90,1,0,0,11),(604,632,'Dynamo Kyiv','Defender',90,1,0,0,11),(605,531,'Shakhtar Donetsk','Defender',90,1,0,0,10),(606,533,'Young Boys','Defender',90,1,0,0,10),(607,528,'Beşiktaş','Defender',90,1,0,0,10),(608,620,'Shakhtar Donetsk','Defender',90,1,0,0,9),(609,668,'Bayern','Goalkeeper',90,1,0,0,6),(610,714,'Leipzig','Goalkeeper',90,1,0,0,6),(611,711,'Wolfsburg','Goalkeeper',90,1,0,0,6),(612,695,'Chelsea','Goalkeeper',90,1,0,0,6),(613,691,'Sporting CP','Goalkeeper',90,1,0,0,5),(614,709,'Beşiktaş','Goalkeeper',90,1,0,0,5),(615,688,'Sheriff','Goalkeeper',90,1,0,0,5),(616,697,'Dynamo Kyiv','Goalkeeper',90,1,0,0,5),(617,689,'Juventus','Goalkeeper',90,1,0,0,4),(618,669,'Man. City','Goalkeeper',90,1,0,0,4),(619,547,'Malmö','Midfielder',89,2,0,0,12),(620,374,'Milan','Defender',88,4,0,0,13),(621,138,'Leipzig','Forward',88,2,0,1,11),(622,153,'Porto','Midfielder',85,2,0,1,11),(623,435,'Shakhtar Donetsk','Midfielder',84,2,0,0,12),(624,623,'Salzburg','Defender',84,2,0,0,10),(625,616,'Malmö','Midfielder',83,5,0,0,14),(626,525,'Shakhtar Donetsk','Defender',83,2,0,0,11),(627,380,'Sevilla','Forward',83,2,0,0,10),(628,637,'Dynamo Kyiv','Forward',81,2,0,0,11),(629,611,'Juventus','Defender',81,2,0,0,11),(630,466,'Juventus','Midfielder',80,5,1,0,14),(631,609,'Sevilla','Defender',80,3,0,0,11),(632,619,'Sheriff','Defender',79,3,0,0,10),(633,634,'Sporting CP','Forward',79,3,0,0,10),(634,604,'Bayern','Defender',78,4,0,0,12),(635,446,'Young Boys','Forward',75,5,0,0,10),(636,511,'Man. United','Forward',75,4,0,0,12),(637,625,'Beşiktaş','Midfielder',75,4,0,0,11),(638,635,'Dortmund','Defender',74,2,0,0,8),(639,299,'Villarreal','Forward',73,3,1,0,10),(640,551,'Sporting CP','Defender',73,1,0,0,8),(641,598,'Ajax','Defender',71,5,0,0,14),(642,364,'Man. City','Forward',71,1,0,0,8),(643,613,'Paris','Defender',70,4,0,0,8),(644,539,'Zenit','Defender',68,6,0,0,12),(645,407,'Club Brugge','Forward',68,3,0,0,9),(646,418,'Man. United','Midfielder',68,1,0,0,8),(647,716,'Man. United','Goalkeeper',68,1,0,0,4),(648,725,'Man. United','Forward',67,2,0,0,7),(649,626,'Inter','Midfielder',66,5,0,0,12),(650,726,'Sporting CP','Defender',63,2,0,0,8),(651,542,'Young Boys','Forward',60,4,0,0,9),(652,462,'Leipzig','Midfielder',60,3,0,0,9),(653,549,'Dortmund','Midfielder',60,2,0,0,8),(654,454,'Milan','Defender',56,3,0,0,8),(655,406,'Atalanta','Defender',56,3,0,0,8),(656,363,'Shakhtar Donetsk','Midfielder',56,2,0,0,8),(657,482,'Club Brugge','Midfielder',56,1,0,0,7),(658,622,'Club Brugge','Defender',55,3,0,0,9),(659,608,'Dynamo Kyiv','Midfielder',54,2,0,0,9),(660,592,'Bayern','Defender',52,4,0,0,9),(661,477,'Sheriff','Defender',52,3,0,0,7),(662,647,'Beşiktaş','Midfielder',52,2,0,0,7),(663,308,'Ajax','Forward',52,2,0,0,6),(664,429,'Leipzig','Defender',51,4,0,0,7),(665,357,'Bayern','Midfielder',49,4,1,0,7),(666,543,'LOSC','Midfielder',47,4,0,0,9),(667,517,'Paris','Forward',47,3,0,0,7),(668,642,'Man. City','Midfielder',45,1,0,0,6),(669,615,'Atalanta','Defender',45,1,0,0,5),(670,392,'Man. City','Midfielder',40,3,1,0,7),(671,649,'Benfica','Midfielder',39,5,0,0,8),(672,470,'Salzburg','Midfielder',38,4,1,0,8),(673,646,'Ajax','Midfielder',38,3,0,0,7),(674,548,'Porto','Forward',37,2,0,0,5),(675,653,'Wolfsburg','Midfielder',36,2,0,0,7),(676,651,'Porto','Forward',34,3,0,0,6),(677,159,'Atalanta','Forward',33,2,0,1,5),(678,483,'Sporting CP','Forward',32,1,0,0,4),(679,556,'Benfica','Forward',31,1,0,0,4),(680,639,'Man. United','Defender',29,1,0,0,4),(681,727,'Club Brugge','Forward',26,2,0,0,4),(682,728,'Villarreal','Defender',24,2,0,0,4),(683,524,'Ajax','Midfielder',24,2,0,0,4),(684,166,'Leipzig','Midfielder',24,1,0,1,4),(685,729,'LOSC','Forward',23,3,0,0,5),(686,176,'Salzburg','Defender',23,2,0,1,4),(687,629,'Salzburg','Midfielder',23,1,0,0,3),(688,546,'LOSC','Midfielder',22,2,0,0,4),(689,532,'Sevilla','Midfielder',22,1,0,0,4),(690,657,'Man. United','Midfielder',22,1,0,0,3),(691,730,'Man. United','Goalkeeper',22,1,0,0,2),(692,175,'Bayern','Defender',21,2,0,1,4),(693,515,'Dortmund','Midfielder',20,3,0,0,5),(694,618,'Milan','Forward',20,3,0,0,4),(695,459,'Dortmund','Forward',20,1,0,0,3),(696,731,'Sevilla','Forward',20,1,0,0,3),(697,522,'Sporting CP','Defender',19,2,0,0,4),(698,523,'Barcelona','Defender',19,2,0,0,4),(699,732,'Bayern','Midfielder',18,2,0,0,4),(700,628,'Villarreal','Defender',18,2,0,0,3),(701,648,'Barcelona','Midfielder',17,1,0,0,2),(702,733,'Beşiktaş','Midfielder',17,1,0,0,2),(703,718,'Man. City','Goalkeeper',17,1,0,0,1),(704,666,'Dynamo Kyiv','Forward',16,2,0,0,3),(705,644,'Sheriff','Midfielder',15,2,0,0,4),(706,734,'Atlético','Midfielder',15,1,0,0,2),(707,557,'Barcelona','Forward',15,1,0,0,2),(708,663,'Juventus','Midfielder',14,2,0,0,3),(709,652,'Zenit','Midfielder',14,2,0,0,3),(710,645,'LOSC','Defender',13,1,0,0,2),(711,484,'Zenit','Midfielder',11,1,1,0,2),(712,735,'Porto','Midfielder',11,1,0,0,2),(713,736,'Villarreal','Midfielder',11,1,0,0,2),(714,636,'Villarreal','Midfielder',10,1,0,0,2),(715,640,'Leipzig','Midfielder',10,1,0,0,2),(716,349,'Inter','Midfielder',9,2,0,0,2),(717,737,'Dynamo Kyiv','Midfielder',9,1,0,0,2),(718,658,'LOSC','Midfielder',9,1,0,0,2),(719,360,'Benfica','Forward',9,1,0,0,2),(720,660,'Juventus','Midfielder',9,1,0,0,2),(721,654,'Sporting CP','Midfielder',9,1,0,0,2),(722,738,'Young Boys','Midfielder',8,1,0,0,2),(723,555,'Club Brugge','Forward',8,1,0,0,1),(724,667,'Juventus','Defender',7,1,0,0,1),(725,553,'Paris','Midfielder',7,1,0,0,1),(726,739,'Young Boys','Midfielder',7,1,0,0,0),(727,656,'Man. City','Forward',6,1,0,0,1),(728,740,'Man. City','Defender',6,1,0,0,1),(729,741,'Inter','Defender',5,1,0,0,1),(730,552,'Salzburg','Forward',4,1,0,0,1),(731,641,'Salzburg','Defender',4,1,0,0,1),(732,664,'Shakhtar Donetsk','Midfielder',4,1,0,0,1),(733,717,'Shakhtar Donetsk','Goalkeeper',4,1,0,0,1),(734,529,'Young Boys','Midfielder',3,1,0,0,1),(735,742,'Juventus','Defender',3,1,0,0,1),(736,550,'Zenit','Forward',3,1,0,0,1),(737,743,'Malmö','Defender',3,1,0,0,1),(738,744,'Wolfsburg','Forward',2,1,0,0,1),(739,745,'Man. United','Midfielder',1,1,0,0,1),(740,746,'Man. United','Midfielder',1,1,0,0,1),(741,747,'Juventus','Forward',1,1,0,0,1),(742,655,'Juventus','Midfielder',1,1,0,0,1),(743,748,'Benfica','Midfielder',1,1,0,0,1),(744,749,'Sporting CP','Forward',1,1,0,0,1),(745,750,'Sheriff','Defender',1,1,0,0,1),(746,751,'Club Brugge','Defender',1,1,0,0,0),(747,659,'Young Boys','Defender',1,1,0,0,0);
/*!40000 ALTER TABLE `key_stats` ENABLE KEYS */;
UNLOCK TABLES;

--
-- Table structure for table `players`
--

DROP TABLE IF EXISTS `players`;
/*!40101 SET @saved_cs_client     = @@character_set_client */;
/*!50503 SET character_set_client = utf8mb4 */;
CREATE TABLE `players` (
  `ID` int NOT NULL AUTO_INCREMENT,
  `player_name` varchar(255) DEFAULT NULL,
  `club` varchar(255) DEFAULT NULL,
  `position` varchar(50) DEFAULT NULL,
  PRIMARY KEY (`ID`)
) ENGINE=InnoDB AUTO_INCREMENT=1024 DEFAULT CHARSET=utf8mb4 COLLATE=utf8mb4_0900_ai_ci;
/*!40101 SET character_set_client = @saved_cs_client */;

--
-- Dumping data for table `players`
--

LOCK TABLES `players` WRITE;
/*!40000 ALTER TABLE `players` DISABLE KEYS */;
INSERT INTO `players` VALUES (1,'Bruno Fernandes','Man. United','Midfielder'),(2,'Vinícius Júnior','Real Madrid','Forward'),(3,'Sané','Bayern','Midfielder'),(4,'Antony','Ajax','Forward'),(5,'Alexander-Arnold','Liverpool','Defender'),(6,'De Bruyne','Man. City','Midfielder'),(7,'Modrić','Real Madrid','Midfielder'),(8,'João Mário','Benfica','Midfielder'),(9,'Mbappé','Paris','Forward'),(10,'Gerard Moreno','Villarreal','Forward'),(11,'Capoue','Villarreal','Midfielder'),(12,'Parejo','Villarreal','Midfielder'),(13,'Grimaldo','Benfica','Defender'),(14,'Müller','Bayern','Forward'),(15,'Arnold','Wolfsburg','Midfielder'),(16,'Angeliño','Leipzig','Defender'),(17,'Coman','Bayern','Forward'),(18,'Bernardo Silva','Man. City','Midfielder'),(19,'Bellingham','Dortmund','Midfielder'),(20,'Zapata','Atalanta','Forward'),(21,'Lewandowski','Bayern','Forward'),(22,'João Cancelo','Man. City','Defender'),(23,'Cristiano','Sheriff','Defender'),(24,'Mahrez','Man. City','Midfielder'),(25,'Robertson','Liverpool','Defender'),(26,'Ziyech','Chelsea','Midfielder'),(27,'Gündoğan','Man. City','Midfielder'),(28,'Tsimikas','Liverpool','Defender'),(29,'Foden','Man. City','Midfielder'),(30,'Pjanic','Beşiktaş','Midfielder'),(31,'Forsberg','Leipzig','Forward'),(32,'Bernardeschi','Juventus','Midfielder'),(33,'Dahoud','Dortmund','Midfielder'),(34,'Pedro Gonçalves','Sporting CP','Midfielder'),(35,'Mount','Chelsea','Midfielder'),(36,'Douglas Santos','Zenit','Defender'),(37,'Rakitskyy','Zenit','Defender'),(38,'Tadić','Ajax','Forward'),(39,'Asensio','Real Madrid','Forward'),(40,'Aaronson','Salzburg','Midfielder'),(41,'Danjuma','Villarreal','Midfielder'),(42,'Shaw','Man. United','Defender'),(43,'Gnabry','Bayern','Forward'),(44,'Griezmann','Atlético','Forward'),(45,'Renan Lodi','Atlético','Defender'),(46,'Rodrygo','Real Madrid','Forward'),(47,'Hudson-Odoi','Chelsea','Midfielder'),(48,'Jorginho','Chelsea','Midfielder'),(49,'André Silva','Leipzig','Forward'),(50,'Sterling','Man. City','Forward'),(51,'Salah','Liverpool','Forward'),(52,'Ikoné','LOSC','Midfielder'),(53,'Werner','Chelsea','Forward'),(54,'Jones','Liverpool','Midfielder'),(55,'Matheus Nunes','Sporting CP','Midfielder'),(56,'Davies','Bayern','Midfielder'),(57,'Mazraoui','Ajax','Defender'),(58,'Mendy','Real Madrid','Defender'),(59,'Keïta','Liverpool','Midfielder'),(60,'Henderson','Liverpool','Midfielder'),(61,'Vidal','Inter','Midfielder'),(62,'Ricardo Esgaio','Sporting CP','Defender'),(63,'Fernandinho','Man. City','Midfielder'),(64,'Seiwald','Salzburg','Midfielder'),(65,'Berghuis','Ajax','Forward'),(66,'Gravenberch','Ajax','Midfielder'),(67,'Lang','Club Brugge','Forward'),(68,'Aebischer','Young Boys','Midfielder'),(69,'Tsygankov','Dynamo Kyiv','Midfielder'),(70,'Oxlade-Chamberlain','Liverpool','Midfielder'),(71,'S. Thill','Sheriff','Midfielder'),(72,'Di María','Paris','Forward'),(73,'Koopmeiners','Atalanta','Midfielder'),(74,'Neymar','Paris','Forward'),(75,'Lemar','Atlético','Midfielder'),(76,'Rakitić','Sevilla','Midfielder'),(77,'De Ketelaere','Club Brugge','Forward'),(78,'Malcom','Zenit','Forward'),(79,'Vormer','Club Brugge','Midfielder'),(80,'Rieder','Young Boys','Midfielder'),(81,'Reus','Dortmund','Midfielder'),(82,'Alan Patrick','Shakhtar Donetsk','Midfielder'),(83,'Koke','Atlético','Midfielder'),(84,'Milner','Liverpool','Midfielder'),(85,'Grealish','Man. City','Midfielder'),(86,'T. Hernández','Milan','Defender'),(87,'Benzema','Real Madrid','Forward'),(88,'Iličić','Atalanta','Midfielder'),(89,'Dybala','Juventus','Forward'),(90,'Vanaken','Club Brugge','Midfielder'),(91,'Bruno Tabata','Sporting CP','Midfielder'),(92,'João Félix','Atlético','Forward'),(93,'Taremi','Porto','Forward'),(94,'Ocampos','Sevilla','Midfielder'),(95,'Moumi Ngamaleu','Young Boys','Midfielder'),(96,'Zinchenko','Man. City','Defender'),(97,'Aurier','Villarreal','Defender'),(98,'Mané','Liverpool','Midfielder'),(99,'Paulinho','Sporting CP','Forward'),(100,'Diogo Jota','Liverpool','Forward'),(101,'Jesus','Man. City','Forward'),(102,'Rafa Silva','Benfica','Forward'),(103,'Rafael Leão','Milan','Forward'),(104,'Valverde','Real Madrid','Midfielder'),(105,'Haller','Ajax','Forward'),(106,'Greenwood','Man. United','Forward'),(107,'Alexis Sánchez','Inter','Forward'),(108,'Luis Díaz','Liverpool','Forward'),(109,'Perišić','Inter','Midfielder'),(110,'Kristensen','Salzburg','Defender'),(111,'Džeko','Inter','Forward'),(112,'Dzyuba','Zenit','Forward'),(113,'Pavard','Bayern','Defender'),(114,'Van Dijk','Liverpool','Defender'),(115,'Musiala','Bayern','Midfielder'),(116,'Traore','Sheriff','Midfielder'),(117,'Pulišić','Chelsea','Midfielder'),(118,'Mæhle','Atalanta','Defender'),(119,'Carvajal','Real Madrid','Defender'),(120,'Blind','Ajax','Defender'),(121,'Meunier','Dortmund','Defender'),(122,'Zeki Çelik','LOSC','Defender'),(123,'Gomes','LOSC','Midfielder'),(124,'Camavinga','Real Madrid','Midfielder'),(125,'Bentancur','Juventus','Midfielder'),(126,'Azmoun','Zenit','Forward'),(127,'Palomino','Atalanta','Defender'),(128,'Jordi Alba','Barcelona','Defender'),(129,'Adeyemi','Salzburg','Forward'),(130,'Birmančević','Malmö','Midfielder'),(131,'Brahim Díaz','Milan','Midfielder'),(132,'Loftus-Cheek','Chelsea','Forward'),(133,'Zappacosta','Atalanta','Defender'),(134,'Pedraza','Villarreal','Midfielder'),(135,'Lucas Vázquez','Real Madrid','Midfielder'),(136,'Freuler','Atalanta','Midfielder'),(137,'Dumfries','Inter','Defender'),(138,'Olmo','Leipzig','Forward'),(139,'Gonçalo Ramos','Benfica','Forward'),(140,'Kanté','Chelsea','Midfielder'),(141,'Laimer','Leipzig','Midfielder'),(142,'Moi Gómez','Villarreal','Midfielder'),(143,'Sobol','Club Brugge','Defender'),(144,'Karavaev','Zenit','Defender'),(145,'De Sciglio','Juventus','Defender'),(146,'Vertonghen','Benfica','Defender'),(147,'Azpilicueta','Chelsea','Defender'),(148,'Martínez','Ajax','Defender'),(149,'Origi','Liverpool','Forward'),(150,'Mukiele','Leipzig','Defender'),(151,'Hefti','Young Boys','Defender'),(152,'Grujić','Porto','Midfielder'),(153,'Fábio Vieira','Porto','Midfielder'),(154,'Gonçalo Inácio','Sporting CP','Defender'),(155,'Pašalić','Atalanta','Midfielder'),(156,'Lingard','Man. United','Midfielder'),(157,'Poulsen','Leipzig','Forward'),(158,'Schulz','Dortmund','Defender'),(159,'Al. Miranchuk','Atalanta','Forward'),(160,'Neuer','Bayern','Goalkeeper'),(161,'Christensen','Chelsea','Defender'),(162,'Rafa Mir','Sevilla','Forward'),(163,'Kalulu','Milan','Defender'),(164,'Danilo','Juventus','Defender'),(165,'Tagliafico','Ajax','Defender'),(166,'Novoa','Leipzig','Midfielder'),(167,'Thiago Silva','Chelsea','Defender'),(168,'Marquinhos','Paris','Defender'),(169,'Klaassen','Ajax','Midfielder'),(170,'Kessié','Milan','Midfielder'),(171,'Gerhardt','Wolfsburg','Midfielder'),(172,'Tolisso','Bayern','Midfielder'),(173,'Schuurs','Ajax','Defender'),(174,'Kryvtsov','Shakhtar Donetsk','Defender'),(175,'Stanišić','Bayern','Defender'),(176,'Bernardo','Salzburg','Defender'),(177,'Luis Díaz','Porto','Forward'),(178,'Martínez','Inter','Forward'),(179,'Havertz','Chelsea','Midfielder'),(180,'Messi','Paris','Forward'),(181,'Burak Yilmaz','LOSC','Forward'),(182,'Ronaldo','Man. United','Forward'),(183,'Morata','Juventus','Forward'),(184,'Nkunku','Leipzig','Midfielder'),(185,'Goretzka','Bayern','Midfielder'),(186,'Yaremchuk','Benfica','Forward'),(187,'Núñez','Benfica','Forward'),(188,'Firmino','Liverpool','Midfielder'),(189,'Chiesa','Juventus','Forward'),(190,'De Paul','Atlético','Midfielder'),(191,'Claudinho','Zenit','Midfielder'),(192,'Haaland','Dortmund','Forward'),(193,'Kroos','Real Madrid','Midfielder'),(194,'David','LOSC','Forward'),(195,'Fernando','Shakhtar Donetsk','Midfielder'),(196,'James','Chelsea','Defender'),(197,'Alonso','Chelsea','Defender'),(198,'Sučić','Salzburg','Midfielder'),(199,'Malen','Dortmund','Forward'),(200,'Malinovskyi','Atalanta','Midfielder'),(201,'Lukaku','Chelsea','Forward'),(202,'Rüdiger','Chelsea','Defender'),(203,'Brozović','Inter','Midfielder'),(204,'Elia','Young Boys','Forward'),(205,'Škriniar','Inter','Defender'),(206,'Siebatcheu','Young Boys','Forward'),(207,'Batshuayi','Beşiktaş','Forward'),(208,'Casemiro','Real Madrid','Midfielder'),(209,'Rashford','Man. United','Forward'),(210,'Pedrinho','Shakhtar Donetsk','Midfielder'),(211,'Éder Militão','Real Madrid','Defender'),(212,'Everton','Benfica','Forward'),(213,'Kean','Juventus','Forward'),(214,'L. Nmecha','Wolfsburg','Forward'),(215,'Thiago Alcántara','Liverpool','Midfielder'),(216,'Correa','Atlético','Forward'),(217,'Tetê','Shakhtar Donetsk','Forward'),(218,'Larin','Beşiktaş','Forward'),(219,'Rits','Club Brugge','Midfielder'),(220,'Muriel','Atalanta','Forward'),(221,'Fassnacht','Young Boys','Midfielder'),(222,'Pedro Porro','Sporting CP','Defender'),(223,'Ghezzal','Beşiktaş','Midfielder'),(224,'Luis Suárez','Atlético','Forward'),(225,'Weghorst','Wolfsburg','Forward'),(226,'Suso','Sevilla','Forward'),(227,'Wöber','Salzburg','Defender'),(228,'Rabiot','Juventus','Midfielder'),(229,'Kimmich','Bayern','Midfielder'),(230,'Chilwell','Chelsea','Defender'),(231,'Locatelli','Juventus','Midfielder'),(232,'Okafor','Salzburg','Midfielder'),(233,'Wendel','Zenit','Midfielder'),(234,'Shaparenko','Dynamo Kyiv','Midfielder'),(235,'McKennie','Juventus','Midfielder'),(236,'Garmash','Dynamo Kyiv','Midfielder'),(237,'Álvarez','Ajax','Midfielder'),(238,'Dodô','Shakhtar Donetsk','Defender'),(239,'Coates','Sporting CP','Defender'),(240,'Čolak','Malmö','Forward'),(241,'Solomon','Shakhtar Donetsk','Midfielder'),(242,'Barella','Inter','Midfielder'),(243,'Trigueros','Villarreal','Midfielder'),(244,'Sarabia','Sporting CP','Forward'),(245,'Šeško','Salzburg','Forward'),(246,'Neres','Ajax','Forward'),(247,'Konaté','Liverpool','Defender'),(248,'Dimarco','Inter','Defender'),(249,'Carrasco','Atlético','Forward'),(250,'Alex Sandro','Juventus','Defender'),(251,'L. de Jong','Barcelona','Forward'),(252,'Kondogbia','Atlético','Midfielder'),(253,'Stones','Man. City','Defender'),(254,'L. Hernández','Bayern','Defender'),(255,'Otávio','Porto','Midfielder'),(256,'Sowah','Club Brugge','Forward'),(257,'Rodri','Man. City','Midfielder'),(258,'Depay','Barcelona','Forward'),(259,'Vlahović','Juventus','Forward'),(260,'Giroud','Milan','Forward'),(261,'Sancho','Man. United','Midfielder'),(262,'Sierro','Young Boys','Midfielder'),(263,'Saúl Ñíguez','Chelsea','Midfielder'),(264,'Matip','Liverpool','Defender'),(265,'Fred','Man. United','Midfielder'),(266,'Koundé','Sevilla','Defender'),(267,'Steffen','Wolfsburg','Midfielder'),(268,'Dia','Villarreal','Forward'),(269,'Ulmer','Salzburg','Defender'),(270,'Laporte','Man. City','Defender'),(271,'Hakan Çalhanoğlu','Inter','Midfielder'),(272,'C. Martins Pereira','Young Boys','Midfielder'),(273,'Christiansen','Malmö','Midfielder'),(274,'Fabinho','Liverpool','Midfielder'),(275,'Chistiakov','Zenit','Defender'),(276,'Garcia','Young Boys','Defender'),(277,'Alaba','Real Madrid','Defender'),(278,'André','LOSC','Midfielder'),(279,'Gómez','Sevilla','Forward'),(280,'Giménez','Atlético','Defender'),(281,'Sabitzer','Bayern','Midfielder'),(282,'Lo Celso','Villarreal','Midfielder'),(283,'Maycon','Shakhtar Donetsk','Midfielder'),(284,'Weah','LOSC','Forward'),(285,'Munir','Sevilla','Forward'),(286,'Mudryk','Shakhtar Donetsk','Midfielder'),(287,'Wijnaldum','Paris','Midfielder'),(288,'De Vrij','Inter','Defender'),(289,'Elanga','Man. United','Forward'),(290,'Buyalskiy','Dynamo Kyiv','Midfielder'),(291,'Pino','Villarreal','Forward'),(292,'Gueye','Paris','Midfielder'),(293,'Szoboszlai','Leipzig','Midfielder'),(294,'Hutchinson','Beşiktaş','Midfielder'),(295,'Maguire','Man. United','Defender'),(296,'Castañeda','Sheriff','Midfielder'),(297,'Peña','Malmö','Midfielder'),(298,'Yakhshiboev','Sheriff','Forward'),(299,'Alcácer','Villarreal','Forward'),(300,'Adamu','Salzburg','Forward'),(301,'De Pena','Dynamo Kyiv','Midfielder'),(302,'Pau Torres','Villarreal','Defender'),(303,'Otamendi','Benfica','Defender'),(304,'Diego Carlos','Sevilla','Defender'),(305,'Aké','Man. City','Defender'),(306,'Tiago Tomás','Sporting CP','Forward'),(307,'Tolói','Atalanta','Defender'),(308,'Daramy','Ajax','Forward'),(309,'João Palhinha','Sporting CP','Midfielder'),(310,'McTominay','Man. United','Midfielder'),(311,'Renato Sanches','LOSC','Midfielder'),(312,'Evanilson','Porto','Forward'),(313,'Lenglet','Barcelona','Defender'),(314,'Coutinho','Barcelona','Forward'),(315,'Dalot','Man. United','Defender'),(316,'Dembélé','Barcelona','Forward'),(317,'Jović','Real Madrid','Forward'),(318,'Saelemaekers','Milan','Midfielder'),(319,'Fati','Barcelona','Forward'),(320,'Rúben Dias','Man. City','Defender'),(321,'Vitinha','Porto','Midfielder'),(322,'Bamba','LOSC','Forward'),(323,'Matheus Reis','Sporting CP','Defender'),(324,'Xeka','LOSC','Midfielder'),(325,'Gavi','Barcelona','Midfielder'),(326,'Brandt','Dortmund','Midfielder'),(327,'Foyth','Villarreal','Defender'),(328,'Gvardiol','Leipzig','Defender'),(329,'Kovačić','Chelsea','Midfielder'),(330,'Erokhin','Zenit','Midfielder'),(331,'Matheus Cunha','Atlético','Forward'),(332,'Lauper','Young Boys','Midfielder'),(333,'E. Hazard','Real Madrid','Forward'),(334,'Chukwueze','Villarreal','Midfielder'),(335,'Coquelin','Villarreal','Midfielder'),(336,'Moreno','Villarreal','Defender'),(337,'Marlos','Shakhtar Donetsk','Midfielder'),(338,'Tomori','Milan','Defender'),(339,'Lamela','Sevilla','Midfielder'),(340,'Yansané','Sheriff','Forward'),(341,'Gosens','Atalanta','Midfielder'),(342,'Jordán','Sevilla','Midfielder'),(343,'Herrera','Paris','Midfielder'),(344,'Rakip','Malmö','Midfielder'),(345,'Sydorchuk','Dynamo Kyiv','Midfielder'),(346,'Botman','LOSC','Defender'),(347,'Chalobah','Chelsea','Defender'),(348,'Rieks','Malmö','Midfielder'),(349,'Sensi','Inter','Midfielder'),(350,'Bruno','Sheriff','Midfielder'),(351,'F. de Jong','Barcelona','Midfielder'),(352,'Daniel Bragança','Sporting CP','Midfielder'),(353,'Wolf','Dortmund','Midfielder'),(354,'Nikolov','Sheriff','Midfielder'),(355,'Dest','Barcelona','Defender'),(356,'Kuzyaev','Zenit','Midfielder'),(357,'Choupo-Moting','Bayern','Midfielder'),(358,'N. Williams','Liverpool','Defender'),(359,'Barkley','Chelsea','Midfielder'),(360,'Seferović','Benfica','Forward'),(361,'Gilberto','Benfica','Defender'),(362,'Pizzi','Benfica','Midfielder'),(363,'Sudakov','Shakhtar Donetsk','Midfielder'),(364,'Ferran Torres','Man. City','Forward'),(365,'Camara','Salzburg','Midfielder'),(366,'Süle','Bayern','Defender'),(367,'Cuadrado','Juventus','Midfielder'),(368,'Dulanto','Sheriff','Defender'),(369,'Ronald Araújo','Barcelona','Defender'),(370,'Marlon','Shakhtar Donetsk','Defender'),(371,'Ismaily','Shakhtar Donetsk','Defender'),(372,'Hummels','Dortmund','Defender'),(373,'Ricca','Club Brugge','Defender'),(374,'Florenzi','Milan','Defender'),(375,'Fonte','LOSC','Defender'),(376,'Souza','Beşiktaş','Midfielder'),(377,'Ibrahimović','Milan','Forward'),(378,'Uribe','Porto','Midfielder'),(379,'T. Hazard','Dortmund','Midfielder'),(380,'En-Nesyri','Sevilla','Forward'),(381,'Lukebakio','Wolfsburg','Forward'),(382,'Karavaev','Dynamo Kyiv','Defender'),(383,'Verbič','Dynamo Kyiv','Midfielder'),(384,'Nico González','Barcelona','Midfielder'),(385,'Mehmet Topal','Beşiktaş','Midfielder'),(386,'Nuno Mendes','Paris','Defender'),(387,'Demiral','Atalanta','Defender'),(388,'Solet','Salzburg','Defender'),(389,'Varane','Man. United','Defender'),(390,'Sutormin','Zenit','Midfielder'),(391,'Pessina','Atalanta','Midfielder'),(392,'Palmer','Man. City','Midfielder'),(393,'Rebić','Milan','Forward'),(394,'Marcos Llorente','Atlético','Midfielder'),(395,'Nuno Santos','Sporting CP','Forward'),(396,'Clinton Mata','Club Brugge','Defender'),(397,'Sérgio Oliveira','Porto','Midfielder'),(398,'Pepe','Porto','Defender'),(399,'Piqué','Barcelona','Defender'),(400,'Mostovoy','Zenit','Midfielder'),(401,'Mykolenko','Dynamo Kyiv','Defender'),(402,'Diogo Gonçalves','Benfica','Midfielder'),(403,'Vrsaljko','Atlético','Defender'),(404,'Camara','Young Boys','Defender'),(405,'Demir','Barcelona','Midfielder'),(406,'Pezzella','Atalanta','Defender'),(407,'Dost','Club Brugge','Forward'),(408,'Ranocchia','Inter','Defender'),(409,'Kjær','Milan','Defender'),(410,'Mata','Man. United','Midfielder'),(411,'Weigl','Benfica','Midfielder'),(412,'Walker','Man. City','Defender'),(413,'Hendry','Club Brugge','Defender'),(414,'Baku','Wolfsburg','Midfielder'),(415,'Bennacer','Milan','Midfielder'),(416,'Pogba','Man. United','Midfielder'),(417,'Jesús Navas','Sevilla','Defender'),(418,'Diallo','Man. United','Midfielder'),(419,'J. Timber','Ajax','Midfielder'),(420,'Danilo','Paris','Midfielder'),(421,'Arthur','Juventus','Midfielder'),(422,'Zabarnyi','Dynamo Kyiv','Defender'),(423,'Lacroix','Wolfsburg','Defender'),(424,'Abubakari','Malmö','Forward'),(425,'Bozdoğan','Beşiktaş','Midfielder'),(426,'Minamino','Liverpool','Forward'),(427,'Matviyenko','Shakhtar Donetsk','Defender'),(428,'Krunić','Milan','Midfielder'),(429,'Henrichs','Leipzig','Defender'),(430,'Verissimo','Benfica','Defender'),(431,'Reinier','Dortmund','Forward'),(432,'Bornauw','Wolfsburg','Defender'),(433,'Waldschmidt','Wolfsburg','Forward'),(434,'D\'Ambrosio','Inter','Defender'),(435,'Bondarenko','Shakhtar Donetsk','Midfielder'),(436,'Albiol','Villarreal','Defender'),(437,'Onana','LOSC','Midfielder'),(438,'Upamecano','Bayern','Defender'),(439,'Fernando Costanza','Sheriff','Defender'),(440,'Tonali','Milan','Midfielder'),(441,'Hermoso','Atlético','Defender'),(442,'De Roon','Atalanta','Midfielder'),(443,'Sergio Busquets','Barcelona','Midfielder'),(444,'Sarr','Bayern','Defender'),(445,'Akanji','Dortmund','Defender'),(446,'Kanga','Young Boys','Forward'),(447,'Mbemba','Porto','Defender'),(448,'Savić','Atlético','Defender'),(449,'L. Nielsen','Malmö','Defender'),(450,'Darmian','Inter','Defender'),(451,'Gudmundsson','LOSC','Defender'),(452,'Eric García','Barcelona','Defender'),(453,'Guerreiro','Dortmund','Defender'),(454,'Bakayoko','Milan','Defender'),(455,'Draxler','Paris','Forward'),(456,'Sergi Roberto','Barcelona','Midfielder'),(457,'Marcelo','Real Madrid','Defender'),(458,'Tigges','Dortmund','Forward'),(459,'Moukoko','Dortmund','Forward'),(460,'Kolovos','Sheriff','Midfielder'),(461,'Kenan Karaman','Beşiktaş','Forward'),(462,'Moriba','Leipzig','Midfielder'),(463,'Gomez','Liverpool','Defender'),(464,'M. Olsson','Malmö','Defender'),(465,'Witsel','Dortmund','Midfielder'),(466,'Kulusevski','Juventus','Midfielder'),(467,'Correa','Inter','Forward'),(468,'Montiel','Sevilla','Defender'),(469,'Vranckx','Wolfsburg','Midfielder'),(470,'Kjærgaard','Salzburg','Midfielder'),(471,'Montero','Beşiktaş','Defender'),(472,'Van de Beek','Man. United','Midfielder'),(473,'Alex Telles','Man. United','Defender'),(474,'Tymchyk','Dynamo Kyiv','Defender'),(475,'Óliver Torres','Sevilla','Midfielder'),(476,'Rugani','Juventus','Defender'),(477,'Julien','Sheriff','Defender'),(478,'Messias Junior','Milan','Forward'),(479,'Morato','Benfica','Defender'),(480,'Traoré','Shakhtar Donetsk','Forward'),(481,'Bürgy','Young Boys','Defender'),(482,'Sandra','Club Brugge','Midfielder'),(483,'Edwards','Sporting CP','Forward'),(484,'Ozdoev','Zenit','Midfielder'),(485,'Nacho','Real Madrid','Defender'),(486,'Bastoni','Inter','Defender'),(487,'Hakimi','Paris','Defender'),(488,'Matić','Man. United','Midfielder'),(489,'Tiago Djaló','LOSC','Defender'),(490,'Felipe','Atlético','Defender'),(491,'Addo','Sheriff','Midfielder'),(492,'Arboleda','Sheriff','Defender'),(493,'Feddal','Sporting CP','Defender'),(494,'Zaidu','Porto','Defender'),(495,'Innocent','Malmö','Midfielder'),(496,'Mbabu','Wolfsburg','Defender'),(497,'Roussillon','Wolfsburg','Defender'),(498,'Rosier','Beşiktaş','Defender'),(499,'Brobbey','Ajax','Forward'),(500,'Syrota','Dynamo Kyiv','Defender'),(501,'Paredes','Paris','Midfielder'),(502,'Romagnoli','Milan','Defender'),(503,'Guilavogui','Wolfsburg','Midfielder'),(504,'Lovren','Zenit','Defender'),(505,'Simakan','Leipzig','Defender'),(506,'Haidara','Leipzig','Midfielder'),(507,'Wendell','Porto','Defender'),(508,'Herrera','Atlético','Midfielder'),(509,'Calabria','Milan','Defender'),(510,'Larsson','Malmö','Defender'),(511,'Cavani','Man. United','Forward'),(512,'Stepanenko','Shakhtar Donetsk','Midfielder'),(513,'Vitinho','Dynamo Kyiv','Midfielder'),(514,'Lefort','Young Boys','Defender'),(515,'Knauff','Dortmund','Midfielder'),(516,'Maceiras','Young Boys','Defender'),(517,'Icardi','Paris','Forward'),(518,'Meite','Benfica','Midfielder'),(519,'Alex Teixeira','Beşiktaş','Midfielder'),(520,'Kampl','Leipzig','Midfielder'),(521,'Pedri','Barcelona','Midfielder'),(522,'Flávio Nazinho','Sporting CP','Defender'),(523,'Balde','Barcelona','Defender'),(524,'Kudus','Ajax','Midfielder'),(525,'Korniienko','Shakhtar Donetsk','Defender'),(526,'Philipp','Wolfsburg','Forward'),(527,'Fábio Cardoso','Porto','Defender'),(528,'Serdar Saatçı','Beşiktaş','Defender'),(529,'Maier','Young Boys','Midfielder'),(530,'Miguel Gutiérrez','Real Madrid','Defender'),(531,'Bondar','Shakhtar Donetsk','Defender'),(532,'Óscar Rodríguez','Sevilla','Midfielder'),(533,'Lustenberger','Young Boys','Defender'),(534,'Estupiñán','Villarreal','Defender'),(535,'Capaldo','Salzburg','Midfielder'),(536,'De Ligt','Juventus','Defender'),(537,'Wan-Bissaka','Man. United','Defender'),(538,'Barrios','Zenit','Midfielder'),(539,'Krugovoi','Zenit','Defender'),(540,'Toni Martínez','Porto','Forward'),(541,'Marcos Antônio','Shakhtar Donetsk','Midfielder'),(542,'Mambimbi','Young Boys','Forward'),(543,'Yusuf Yazıcı','LOSC','Midfielder'),(544,'Delaney','Sevilla','Midfielder'),(545,'N\'Sakala','Beşiktaş','Defender'),(546,'Ben Arfa','LOSC','Midfielder'),(547,'Nanasi','Malmö','Midfielder'),(548,'Francisco Conceição','Porto','Forward'),(549,'Passlack','Dortmund','Midfielder'),(550,'Kuznetsov','Zenit','Forward'),(551,'Esteves','Sporting CP','Defender'),(552,'Šimić','Salzburg','Forward'),(553,'Dina Ebimbe','Paris','Midfielder'),(554,'N\'Koudou','Beşiktaş','Midfielder'),(555,'Izquierdo','Club Brugge','Forward'),(556,'Radonjić','Benfica','Forward'),(557,'Agüero','Barcelona','Forward'),(558,'Reinildo','Atlético','Defender'),(559,'Fernando','Sevilla','Midfielder'),(560,'Nsoki','Club Brugge','Defender'),(561,'Balanta','Club Brugge','Midfielder'),(562,'Bonucci','Juventus','Defender'),(563,'Onguéné','Salzburg','Defender'),(564,'Ahmedhodžić','Malmö','Defender'),(565,'Welinton','Beşiktaş','Defender'),(566,'Djimsiti','Atalanta','Defender'),(567,'Lindelöf','Man. United','Defender'),(568,'Kimpembe','Paris','Defender'),(569,'Luís Neto','Sporting CP','Defender'),(570,'Orbán','Leipzig','Defender'),(571,'Klostermann','Leipzig','Defender'),(572,'Verratti','Paris','Midfielder'),(573,'João Mário','Porto','Forward'),(574,'Acuña','Sevilla','Defender'),(575,'Brooks','Wolfsburg','Defender'),(576,'Brorsson','Malmö','Defender'),(577,'Moisander','Malmö','Defender'),(578,'Nianzou','Bayern','Midfielder'),(579,'Vida','Beşiktaş','Defender'),(580,'André Almeida','Benfica','Defender'),(581,'Paulo Otávio','Wolfsburg','Defender'),(582,'Berget','Malmö','Midfielder'),(583,'Diallo','Paris','Defender'),(584,'Taarabt','Benfica','Midfielder'),(585,'Kędziora','Dynamo Kyiv','Defender'),(586,'Meraş','Beşiktaş','Defender'),(587,'Van Der Brempt','Club Brugge','Defender'),(588,'Salih Uçan','Beşiktaş','Midfielder'),(589,'Bailly','Man. United','Defender'),(590,'Mingueza','Barcelona','Defender'),(591,'Rıdvan Yılmaz','Beşiktaş','Defender'),(592,'Richards','Bayern','Defender'),(593,'Morton','Liverpool','Midfielder'),(594,'Corona','Porto','Forward'),(595,'Pongračić','Dortmund','Defender'),(596,'Sarr','Chelsea','Defender'),(597,'Adams','Leipzig','Midfielder'),(598,'Rensch','Ajax','Defender'),(599,'Ugarte','Sporting CP','Midfielder'),(600,'Trippier','Atlético','Defender'),(601,'Ballo','Milan','Defender'),(602,'Zagadou','Dortmund','Defender'),(603,'Lewicki','Malmö','Midfielder'),(604,'Marc Roca','Bayern','Defender'),(605,'Andriyevskiy','Dynamo Kyiv','Midfielder'),(606,'Marcano','Porto','Defender'),(607,'Necip Uysal','Beşiktaş','Midfielder'),(608,'Shepeliev','Dynamo Kyiv','Midfielder'),(609,'Augustinsson','Sevilla','Defender'),(610,'Phillips','Liverpool','Defender'),(611,'De Winter','Juventus','Defender'),(612,'Mechele','Club Brugge','Defender'),(613,'Kehrer','Paris','Defender'),(614,'Rekik','Sevilla','Defender'),(615,'Lovato','Atalanta','Defender'),(616,'Nalić','Malmö','Midfielder'),(617,'Lázaro','Benfica','Midfielder'),(618,'Maldini','Milan','Forward'),(619,'Radeljić','Sheriff','Defender'),(620,'Vitão','Shakhtar Donetsk','Defender'),(621,'Egan-Riley','Man. City','Defender'),(622,'Mbamba-Muanda','Club Brugge','Defender'),(623,'Piątkowski','Salzburg','Defender'),(624,'Vecino','Inter','Midfielder'),(625,'Gökhan Töre','Beşiktaş','Midfielder'),(626,'Gagliardini','Inter','Midfielder'),(627,'Ceballos','Real Madrid','Midfielder'),(628,'Peña','Villarreal','Defender'),(629,'Tijani','Salzburg','Midfielder'),(630,'Brobbey','Leipzig','Forward'),(631,'Burak Yılmaz','LOSC','Forward'),(632,'Shabanov','Dynamo Kyiv','Defender'),(633,'Vallejo','Real Madrid','Defender'),(634,'Jovane Cabral','Sporting CP','Forward'),(635,'Emre Can','Dortmund','Defender'),(636,'Iborra','Villarreal','Midfielder'),(637,'Supryaha','Dynamo Kyiv','Forward'),(638,'Hateboer','Atalanta','Defender'),(639,'Mengi','Man. United','Defender'),(640,'Bonnah','Leipzig','Midfielder'),(641,'Guindo','Salzburg','Defender'),(642,'McAtee','Man. City','Midfielder'),(643,'Shkurin','Dynamo Kyiv','Forward'),(644,'Cojocaru','Sheriff','Midfielder'),(645,'Bradarić','LOSC','Defender'),(646,'Taylor','Ajax','Midfielder'),(647,'Oğuzhan Özyakup','Beşiktaş','Midfielder'),(648,'Ricard Puig','Barcelona','Midfielder'),(649,'Paulo Bernardo','Benfica','Midfielder'),(650,'Mario Gaspar','Villarreal','Defender'),(651,'Pepê','Porto','Forward'),(652,'Kravtsov','Zenit','Midfielder'),(653,'F. Nmecha','Wolfsburg','Midfielder'),(654,'Dário Essugo','Sporting CP','Midfielder'),(655,'Miretti','Juventus','Midfielder'),(656,'Delap','Man. City','Forward'),(657,'Shoretire','Man. United','Midfielder'),(658,'Zhegrova','LOSC','Midfielder'),(659,'Zesiger','Young Boys','Defender'),(660,'Zakaria','Juventus','Midfielder'),(661,'Slimani','Sporting CP','Forward'),(662,'Dahlin','Malmö','Goalkeeper'),(663,'Ramsey','Juventus','Midfielder'),(664,'Dentinho','Shakhtar Donetsk','Midfielder'),(665,'Bounou','Sevilla','Goalkeeper'),(666,'Eric Ramirez','Dynamo Kyiv','Forward'),(667,'Chiellini','Juventus','Defender'),(668,'Ulreich','Bayern','Goalkeeper'),(669,'Steffen','Man. City','Goalkeeper'),(670,'Handanovič','Inter','Goalkeeper'),(671,'Pyatov','Shakhtar Donetsk','Goalkeeper'),(672,'Tătăruşanu','Milan','Goalkeeper'),(673,'Ederson','Man. City','Goalkeeper'),(674,'Alisson Becker','Liverpool','Goalkeeper'),(675,'Ter Stegen','Barcelona','Goalkeeper'),(676,'Onana','Ajax','Goalkeeper'),(677,'Kobel','Dortmund','Goalkeeper'),(678,'Pasveer','Ajax','Goalkeeper'),(679,'Navas','Paris','Goalkeeper'),(680,'Mendy','Chelsea','Goalkeeper'),(681,'Szczęsny','Juventus','Goalkeeper'),(682,'M. Kerzhakov','Zenit','Goalkeeper'),(683,'Donnarumma','Paris','Goalkeeper'),(684,'Trubin','Shakhtar Donetsk','Goalkeeper'),(685,'Faivre','Young Boys','Goalkeeper'),(686,'Gulácsi','Leipzig','Goalkeeper'),(687,'Reinildo','LOSC','Defender'),(688,'Celeadnic','Sheriff','Goalkeeper'),(689,'Perin','Juventus','Goalkeeper'),(690,'Mignolet','Club Brugge','Goalkeeper'),(691,'João Virginia','Sporting CP','Goalkeeper'),(692,'Kritsyuk','Zenit','Goalkeeper'),(693,'Courtois','Real Madrid','Goalkeeper'),(694,'Musso','Atalanta','Goalkeeper'),(695,'Kepa','Chelsea','Goalkeeper'),(696,'De Gea','Man. United','Goalkeeper'),(697,'Boyko','Dynamo Kyiv','Goalkeeper'),(698,'Vlachodimos','Benfica','Goalkeeper'),(699,'Köhn','Salzburg','Goalkeeper'),(700,'Von Ballmoos','Young Boys','Goalkeeper'),(701,'Maignan','Milan','Goalkeeper'),(702,'Casteels','Wolfsburg','Goalkeeper'),(703,'Bushchan','Dynamo Kyiv','Goalkeeper'),(704,'Leo Jardim','LOSC','Goalkeeper'),(705,'Ersin Destanoğlu','Beşiktaş','Goalkeeper'),(706,'Adán','Sporting CP','Goalkeeper'),(707,'Athanasiadis','Sheriff','Goalkeeper'),(708,'Rulli','Villarreal','Goalkeeper'),(709,'Günok','Beşiktaş','Goalkeeper'),(710,'Diogo Costa','Porto','Goalkeeper'),(711,'Pervan','Wolfsburg','Goalkeeper'),(712,'Diawara','Malmö','Goalkeeper'),(713,'Oblak','Atlético','Goalkeeper'),(714,'Martínez','Leipzig','Goalkeeper'),(715,'Grbić','LOSC','Goalkeeper'),(716,'Henderson','Man. United','Goalkeeper'),(717,'Shevchenko','Shakhtar Donetsk','Goalkeeper'),(718,'Carson','Man. City','Goalkeeper'),(719,'Mariano Díaz','Real Madrid','Forward'),(720,'Bale','Real Madrid','Forward'),(721,'Blanco','Real Madrid','Midfielder'),(722,'Elliott','Liverpool','Midfielder'),(723,'Woltman','Liverpool','Midfielder'),(724,'Bradley','Liverpool','Midfielder'),(725,'Martial','Man. United','Forward'),(726,'Rúben Vinagre','Sporting CP','Defender'),(727,'Wesley','Club Brugge','Forward'),(728,'Mandi','Villarreal','Defender'),(729,'Lihadji','LOSC','Forward'),(730,'Heaton','Man. United','Goalkeeper'),(731,'Iván Romero','Sevilla','Forward'),(732,'Tillman','Bayern','Midfielder'),(733,'Berkay Vardar','Beşiktaş','Midfielder'),(734,'Javi Serrano','Atlético','Midfielder'),(735,'Bruno Costa','Porto','Midfielder'),(736,'Raba','Villarreal','Midfielder'),(737,'Lednev','Dynamo Kyiv','Midfielder'),(738,'Spielmann','Young Boys','Midfielder'),(739,'Sulejmani','Young Boys','Midfielder'),(740,'Mbete','Man. City','Defender'),(741,'Kolarov','Inter','Defender'),(742,'Luca Pellegrini','Juventus','Defender'),(743,'Eile','Malmö','Defender'),(744,'Ginczek','Wolfsburg','Forward'),(745,'Savage','Man. United','Midfielder'),(746,'Iqbal','Man. United','Midfielder'),(747,'Da Graca','Juventus','Forward'),(748,'Gil Dias','Benfica','Midfielder'),(749,'Rodrigo Ribeiro','Sporting CP','Forward'),(750,'Cojocari','Sheriff','Defender'),(751,'Maouassa','Club Brugge','Defender');
/*!40000 ALTER TABLE `players` ENABLE KEYS */;
UNLOCK TABLES;
/*!40103 SET TIME_ZONE=@OLD_TIME_ZONE */;

/*!40101 SET SQL_MODE=@OLD_SQL_MODE */;
/*!40014 SET FOREIGN_KEY_CHECKS=@OLD_FOREIGN_KEY_CHECKS */;
/*!40014 SET UNIQUE_CHECKS=@OLD_UNIQUE_CHECKS */;
/*!40101 SET CHARACTER_SET_CLIENT=@OLD_CHARACTER_SET_CLIENT */;
/*!40101 SET CHARACTER_SET_RESULTS=@OLD_CHARACTER_SET_RESULTS */;
/*!40101 SET COLLATION_CONNECTION=@OLD_COLLATION_CONNECTION */;
/*!40111 SET SQL_NOTES=@OLD_SQL_NOTES */;

